filename,total_potholes,predicted_minor,predicted_medium,predicted_major,highest_predicted_severity,highest_confidence
0b360769-img-338.jpg,1,0,0,1,major_pothole,0.7285556375731075
1e952089-img-481.jpg,2,0,0,2,major_pothole,0.7719398332262061
27592eb4-img-389.jpg,6,0,2,4,major_pothole,0.7679945374546449
3fca2974-img-613.jpg,3,0,2,1,major_pothole,0.7609547711875821
58c33a05-img-392.jpg,5,0,3,2,major_pothole,0.6859247664122619
783bde8f-img-622.jpg,16,0,13,3,major_pothole,0.8252380110365678
7f54daf5-img-349.jpg,2,0,1,1,major_pothole,0.730631766527868
8d4997e8-img-649.jpg,2,0,0,2,major_pothole,0.742665683102731
96d6e1f7-img-339.jpg,5,0,4,1,major_pothole,0.6952514242930722
ab5a6542-img-599.jpg,23,3,20,0,medium_pothole,0.7057024466170462
b8f567ca-img-625.jpg,3,0,0,3,major_pothole,0.8008559724115853
c0a58e21-img-655.jpg,10,0,5,5,major_pothole,0.7547023742931344
cd8b432e-img-663.jpg,17,0,15,2,major_pothole,0.7107221587885151
d0c3cc66-img-556.jpg,12,1,10,1,major_pothole,0.7630034441979834
db9c2aaa-img-480.jpg,7,0,5,2,major_pothole,0.8155921516279386
e7a7d17b-img-479.jpg,1,0,0,1,major_pothole,0.8568625792625858
img-1.jpg,1,0,1,0,medium_pothole,0.7079185175785226
img-10.jpg,1,0,1,0,medium_pothole,0.6831539134545033
img-100.jpg,1,0,1,0,medium_pothole,0.6801143875147556
img-101.jpg,2,0,2,0,medium_pothole,0.6750012209827297
img-102.jpg,1,0,1,0,medium_pothole,0.653551600525976
img-103.jpg,1,0,1,0,medium_pothole,0.6852981198885236
img-104.jpg,2,1,1,0,medium_pothole,0.7817397607683342
img-105.jpg,2,1,1,0,medium_pothole,0.7576348019889323
img-106.jpg,2,0,2,0,medium_pothole,0.6669675638557145
img-107.jpg,1,0,1,0,medium_pothole,0.6545978845273897
img-108.jpg,5,3,2,0,medium_pothole,0.7906514467817042
img-109.jpg,3,1,2,0,medium_pothole,0.6824910528426564
img-11.jpg,1,0,1,0,medium_pothole,0.6569911413172553
img-110.jpg,2,1,1,0,medium_pothole,0.651201188618296
img-111.jpg,3,2,1,0,medium_pothole,0.7380619233804727
img-112.jpg,1,0,1,0,medium_pothole,0.7098918061185897
img-113.jpg,1,0,0,1,major_pothole,0.7656163414655565
img-114.jpg,1,0,1,0,medium_pothole,0.5823159558228724
img-115.jpg,1,0,1,0,medium_pothole,0.6854147418810789
img-116.jpg,2,1,1,0,medium_pothole,0.6639965184479834
img-117.jpg,2,1,1,0,medium_pothole,0.6425956904135233
img-118.jpg,1,0,0,1,major_pothole,0.7682961552617802
img-119.jpg,2,0,2,0,medium_pothole,0.658702835559458
img-12.jpg,1,0,1,0,medium_pothole,0.6436062534058385
img-120.jpg,1,0,1,0,medium_pothole,0.7016727778319116
img-121.jpg,3,1,2,0,medium_pothole,0.7897682752120672
img-122.jpg,1,0,1,0,medium_pothole,0.6724678688862544
img-123.jpg,1,0,1,0,medium_pothole,0.6740265531797262
img-124.jpg,7,5,2,0,medium_pothole,0.7265857641804091
img-125.jpg,3,2,1,0,medium_pothole,0.6921818576963625
img-126.jpg,3,2,1,0,medium_pothole,0.7406134360849884
img-127.jpg,3,1,2,0,medium_pothole,0.6860690464852475
img-128.jpg,1,0,1,0,medium_pothole,0.6605024434463169
img-129.jpg,2,2,0,0,minor_pothole,0.7104303253511733
img-13.jpg,4,2,2,0,medium_pothole,0.6646692783241477
img-130.jpg,2,2,0,0,minor_pothole,0.7556680913684346
img-131.jpg,1,1,0,0,minor_pothole,0.5705601410894092
img-132.jpg,2,1,1,0,medium_pothole,0.7743545624086164
img-133.jpg,1,1,0,0,minor_pothole,0.5870280392495649
img-134.jpg,2,1,1,0,medium_pothole,0.6588202973435208
img-135.jpg,4,2,2,0,medium_pothole,0.7487623407512465
img-136.jpg,1,0,1,0,medium_pothole,0.5878058361375887
img-137.jpg,1,0,1,0,medium_pothole,0.6848003946977866
img-138.jpg,1,1,0,0,minor_pothole,0.6572194880622275
img-139.jpg,1,0,1,0,medium_pothole,0.6747899474804817
img-14.jpg,2,1,1,0,medium_pothole,0.6680442566449676
img-140.jpg,2,0,2,0,medium_pothole,0.6906193454382782
img-141.jpg,4,2,2,0,medium_pothole,0.6132658368211821
img-142.jpg,1,0,1,0,medium_pothole,0.7266106980812311
img-143.jpg,1,0,1,0,medium_pothole,0.6328008092355073
img-144.jpg,2,1,1,0,medium_pothole,0.7706068421764576
img-145.jpg,1,0,1,0,medium_pothole,0.519351432522123
img-146.jpg,1,0,1,0,medium_pothole,0.6889806350744085
img-147.jpg,2,1,1,0,medium_pothole,0.781342304091554
img-148.jpg,2,1,1,0,medium_pothole,0.7768153410280709
img-149.jpg,1,0,1,0,medium_pothole,0.7240878591395069
img-15.jpg,1,0,1,0,medium_pothole,0.6836304818404927
img-150.jpg,1,0,1,0,medium_pothole,0.7167950847801403
img-151.jpg,1,0,1,0,medium_pothole,0.6751772483274916
img-152.jpg,5,4,1,0,medium_pothole,0.7472245870734445
img-153.jpg,1,0,1,0,medium_pothole,0.4610822611085848
img-154.jpg,1,0,0,1,major_pothole,0.8383975550911799
img-155.jpg,3,1,2,0,medium_pothole,0.7805862700791871
img-156.jpg,2,1,1,0,medium_pothole,0.669596931831954
img-157.jpg,2,1,1,0,medium_pothole,0.7445075712002037
img-158.jpg,2,1,1,0,medium_pothole,0.6539608757811919
img-159.jpg,3,2,1,0,medium_pothole,0.7837752881961325
img-16.jpg,1,0,1,0,medium_pothole,0.6547408551633616
img-160.jpg,4,0,4,0,medium_pothole,0.6777587790501874
img-161.jpg,1,0,1,0,medium_pothole,0.5107646094366864
img-162.jpg,1,0,1,0,medium_pothole,0.6782381287152397
img-163.jpg,2,1,1,0,medium_pothole,0.7925025060980045
img-164.jpg,1,0,1,0,medium_pothole,0.6869152170536454
img-165.jpg,1,0,1,0,medium_pothole,0.6810528745392852
img-166.jpg,2,1,1,0,medium_pothole,0.7943048844213924
img-167.jpg,3,1,2,0,medium_pothole,0.6842593529328851
img-168.jpg,2,1,1,0,medium_pothole,0.776974604470422
img-169.jpg,1,0,1,0,medium_pothole,0.69512955789027
img-17.jpg,2,0,2,0,medium_pothole,0.685799317186928
img-170.jpg,2,1,1,0,medium_pothole,0.7063797032219377
img-171.jpg,1,0,1,0,medium_pothole,0.6633217175331196
img-172.jpg,5,3,2,0,medium_pothole,0.7579746857582522
img-173.jpg,2,0,2,0,medium_pothole,0.7312521274513069
img-174.jpg,1,0,1,0,medium_pothole,0.6924157358110479
img-175.jpg,3,1,2,0,medium_pothole,0.697368084920924
img-176.jpg,2,1,1,0,medium_pothole,0.6806610585484416
img-177.jpg,1,0,1,0,medium_pothole,0.6766079967188161
img-178.jpg,3,1,2,0,medium_pothole,0.748210788642613
img-179.jpg,5,1,4,0,medium_pothole,0.6763062739794513
img-18.jpg,5,3,2,0,medium_pothole,0.7426938890145343
img-180.jpg,1,0,1,0,medium_pothole,0.6993097102107619
img-181.jpg,1,0,1,0,medium_pothole,0.6716991048117289
img-182.jpg,3,2,1,0,medium_pothole,0.6879432426305826
img-183.jpg,1,0,1,0,medium_pothole,0.6456403429566606
img-184.jpg,11,5,6,0,medium_pothole,0.7396201681414033
img-185.jpg,1,0,1,0,medium_pothole,0.6583830381748168
img-186.jpg,2,0,2,0,medium_pothole,0.7022202316421193
img-187.jpg,1,0,1,0,medium_pothole,0.6692974893223733
img-188.jpg,3,0,3,0,medium_pothole,0.5644589760083164
img-189.jpg,1,0,1,0,medium_pothole,0.6822206646916378
img-19.jpg,2,0,2,0,medium_pothole,0.6125081411095568
img-190.jpg,2,0,2,0,medium_pothole,0.6880417857191593
img-191.jpg,3,2,1,0,medium_pothole,0.7688989731143747
img-192.jpg,1,0,1,0,medium_pothole,0.5559643518288793
img-193.jpg,2,2,0,0,minor_pothole,0.7508614219382554
img-194.jpg,1,0,1,0,medium_pothole,0.6838338913688932
img-195.jpg,2,0,2,0,medium_pothole,0.6739703645393753
img-196.jpg,3,1,2,0,medium_pothole,0.7629799149837897
img-197.jpg,3,1,2,0,medium_pothole,0.7572473493853142
img-198.jpg,4,2,2,0,medium_pothole,0.7762426261534894
img-199.jpg,2,1,1,0,medium_pothole,0.6417754123795244
img-2.jpg,3,2,1,0,medium_pothole,0.7279285548334252
img-20.jpg,3,2,1,0,medium_pothole,0.7828104080941959
img-200.jpg,4,4,0,0,minor_pothole,0.7866595787063403
img-201.jpg,1,0,1,0,medium_pothole,0.6778994719027496
img-202.jpg,7,7,0,0,minor_pothole,0.7949277872362737
img-203.jpg,3,1,2,0,medium_pothole,0.774496337306072
img-204.jpg,2,0,2,0,medium_pothole,0.6851288854777012
img-205.jpg,2,0,2,0,medium_pothole,0.6870821512928871
img-206.jpg,2,1,1,0,medium_pothole,0.6833015616094829
img-207.jpg,2,0,2,0,medium_pothole,0.687720433272456
img-208.jpg,3,0,3,0,medium_pothole,0.6823227843990411
img-209.jpg,1,0,1,0,medium_pothole,0.6485475337542205
img-21.jpg,2,0,2,0,medium_pothole,0.6596118235231975
img-210.jpg,2,1,1,0,medium_pothole,0.640526562619645
img-211.jpg,1,0,1,0,medium_pothole,0.6893329720708317
img-212.jpg,1,0,1,0,medium_pothole,0.6487668175089265
img-213.jpg,1,0,1,0,medium_pothole,0.6614813694436329
img-214.jpg,1,0,1,0,medium_pothole,0.6269915079674848
img-215.jpg,1,0,1,0,medium_pothole,0.6846390322539821
img-216.jpg,3,1,2,0,medium_pothole,0.7127619630190062
img-217.jpg,2,2,0,0,minor_pothole,0.6957788918098773
img-218.jpg,2,1,1,0,medium_pothole,0.7152818050973458
img-219.jpg,1,0,1,0,medium_pothole,0.7063168962209668
img-22.jpg,1,0,1,0,medium_pothole,0.633944155336258
img-220.jpg,2,0,2,0,medium_pothole,0.6828092736436006
img-221.jpg,2,2,0,0,minor_pothole,0.7576348019889323
img-222.jpg,1,0,1,0,medium_pothole,0.650694516378191
img-223.jpg,1,0,1,0,medium_pothole,0.516320334031239
img-224.jpg,1,0,1,0,medium_pothole,0.6547733281744406
img-225.jpg,4,4,0,0,minor_pothole,0.7155826868650121
img-226.jpg,1,0,1,0,medium_pothole,0.6682845766838126
img-227.jpg,2,0,1,1,major_pothole,0.707530283244557
img-228.jpg,1,0,1,0,medium_pothole,0.6620539978435612
img-229.jpg,3,1,2,0,medium_pothole,0.6439226508001752
img-23.jpg,5,3,2,0,medium_pothole,0.7672164686162098
img-230.jpg,3,2,1,0,medium_pothole,0.6844882737550405
img-231.jpg,2,1,1,0,medium_pothole,0.6621321861045051
img-232.jpg,4,3,1,0,medium_pothole,0.7716004526725543
img-233.jpg,2,1,1,0,medium_pothole,0.776658925236657
img-234.jpg,1,1,0,0,minor_pothole,0.5781512799305907
img-235.jpg,1,0,1,0,medium_pothole,0.639294055001676
img-236.jpg,3,1,2,0,medium_pothole,0.6559655810448191
img-237.jpg,5,4,1,0,medium_pothole,0.7776835608415291
img-238.jpg,1,0,1,0,medium_pothole,0.6982097140678062
img-239.jpg,1,0,1,0,medium_pothole,0.6774803944941463
img-24.jpg,2,1,1,0,medium_pothole,0.691996845630192
img-240.jpg,4,3,1,0,medium_pothole,0.6809896188653891
img-241.jpg,7,3,4,0,medium_pothole,0.7472210579081039
img-242.jpg,1,0,1,0,medium_pothole,0.6863400597531617
img-243.jpg,1,0,1,0,medium_pothole,0.6425802616409582
img-244.jpg,2,0,2,0,medium_pothole,0.6555375114021058
img-245.jpg,2,1,1,0,medium_pothole,0.649334352303715
img-246.jpg,2,0,2,0,medium_pothole,0.6710615594004801
img-247.jpg,1,0,1,0,medium_pothole,0.6799003420992981
img-248.jpg,3,2,1,0,medium_pothole,0.6870479515082517
img-249.jpg,1,0,1,0,medium_pothole,0.6748259131112607
img-25.jpg,1,0,1,0,medium_pothole,0.6693100083838296
img-250.jpg,1,0,1,0,medium_pothole,0.6686014412893305
img-251.jpg,1,0,1,0,medium_pothole,0.6604812900810035
img-252.jpg,3,1,2,0,medium_pothole,0.6769360619126761
img-253.jpg,1,0,1,0,medium_pothole,0.7250022212972872
img-254.jpg,1,0,1,0,medium_pothole,0.6701909342017992
img-255.jpg,1,1,0,0,minor_pothole,0.5761612134333304
img-256.jpg,2,1,1,0,medium_pothole,0.6704682392210938
img-257.jpg,2,1,1,0,medium_pothole,0.7540968173067706
img-258.jpg,1,0,1,0,medium_pothole,0.6738723504525511
img-259.jpg,2,1,1,0,medium_pothole,0.7854642196838807
img-26.jpg,2,1,1,0,medium_pothole,0.7915629476046045
img-260.jpg,1,0,1,0,medium_pothole,0.6961705510528218
img-261.jpg,1,0,1,0,medium_pothole,0.6844633695874137
img-262.jpg,1,1,0,0,minor_pothole,0.589083685386751
img-263.jpg,1,0,1,0,medium_pothole,0.6850085135169799
img-264.jpg,1,0,1,0,medium_pothole,0.6860210406887253
img-265.jpg,3,1,2,0,medium_pothole,0.7592708399217268
img-266.jpg,2,1,1,0,medium_pothole,0.7892733412465968
img-267.jpg,4,2,2,0,medium_pothole,0.6838062889574469
img-268.jpg,1,0,1,0,medium_pothole,0.6667994284759902
img-269.jpg,2,1,1,0,medium_pothole,0.7911390657027888
img-27.jpg,1,1,0,0,minor_pothole,0.6342742723699104
img-270.jpg,2,1,1,0,medium_pothole,0.5863073890526401
img-271.jpg,1,0,1,0,medium_pothole,0.6823530541143216
img-272.jpg,2,1,1,0,medium_pothole,0.6833896863145553
img-273.jpg,2,1,1,0,medium_pothole,0.4964262646109862
img-274.jpg,3,1,2,0,medium_pothole,0.6792190891545674
img-275.jpg,1,0,1,0,medium_pothole,0.6923122863446376
img-276.jpg,1,0,1,0,medium_pothole,0.6516839719688973
img-277.jpg,1,1,0,0,minor_pothole,0.4624064842284813
img-278.jpg,2,1,1,0,medium_pothole,0.4911656840605807
img-279.jpg,1,0,1,0,medium_pothole,0.6407500295193056
img-28.jpg,4,3,1,0,medium_pothole,0.7723702054217183
img-280.jpg,1,0,1,0,medium_pothole,0.664942443946814
img-281.jpg,1,0,1,0,medium_pothole,0.6522698767341394
img-282.jpg,2,1,1,0,medium_pothole,0.6770585209864796
img-283.jpg,3,2,1,0,medium_pothole,0.7934309376660674
img-284.jpg,2,0,2,0,medium_pothole,0.6615597395958737
img-285.jpg,1,0,1,0,medium_pothole,0.6526518412802268
img-286.jpg,3,0,3,0,medium_pothole,0.6948813675140408
img-287.jpg,1,0,0,1,major_pothole,0.7737615160039472
img-288.jpg,5,0,4,1,major_pothole,0.6508747677379338
img-289.jpg,1,0,0,1,major_pothole,0.5349950569339568
img-29.jpg,2,1,1,0,medium_pothole,0.7749824449357635
img-290.jpg,1,0,0,1,major_pothole,0.7117655658057999
img-291.jpg,1,0,0,1,major_pothole,0.7786883879212887
img-292.jpg,3,0,2,1,major_pothole,0.7274674457738374
img-293.jpg,4,0,3,1,major_pothole,0.6736622771106807
img-294.jpg,4,0,4,0,medium_pothole,0.6775351962493418
img-295.jpg,1,0,0,1,major_pothole,0.7264710669023083
img-296.jpg,1,0,0,1,major_pothole,0.6755716970067299
img-297.jpg,5,0,3,2,major_pothole,0.7668103545766923
img-298.jpg,2,0,1,1,major_pothole,0.6400284094921804
img-299.jpg,3,0,0,3,major_pothole,0.781179167204933
img-3.jpg,1,0,1,0,medium_pothole,0.659150040100658
img-30.jpg,3,2,1,0,medium_pothole,0.7909094034879877
img-300.jpg,4,0,1,3,major_pothole,0.8280266125487574
img-301.jpg,5,0,3,2,major_pothole,0.7090610621217821
img-302.jpg,1,0,0,1,major_pothole,0.7528178236875683
img-303.jpg,2,0,1,1,major_pothole,0.7867085139706915
img-304.jpg,2,0,0,2,major_pothole,0.7723086471683844
img-305.jpg,2,0,1,1,major_pothole,0.6162747502474479
img-306.jpg,2,0,0,2,major_pothole,0.78941826582827
img-307.jpg,1,0,0,1,major_pothole,0.6982440724524819
img-308.jpg,1,0,1,0,medium_pothole,0.5008362931976817
img-309.jpg,1,0,0,1,major_pothole,0.7222807614220446
img-31.jpg,1,0,1,0,medium_pothole,0.682611086834183
img-310.jpg,3,0,1,2,major_pothole,0.7625783259410577
img-311.jpg,1,0,0,1,major_pothole,0.8019432705206943
img-312.jpg,1,0,0,1,major_pothole,0.6430714092345564
img-313.jpg,2,0,1,1,major_pothole,0.7278179166256328
img-314.jpg,1,0,0,1,major_pothole,0.8088329190163904
img-315.jpg,5,0,4,1,major_pothole,0.7496945839195376
img-316.jpg,1,0,0,1,major_pothole,0.7696857315379673
img-317.jpg,1,0,0,1,major_pothole,0.737294361274063
img-318.jpg,1,0,0,1,major_pothole,0.7433102019921649
img-319.jpg,1,0,0,1,major_pothole,0.7755260907740297
img-32.jpg,2,0,2,0,medium_pothole,0.6702528466166864
img-320.jpg,2,0,1,1,major_pothole,0.7121416628838584
img-321.jpg,1,0,0,1,major_pothole,0.7931743678874067
img-322.jpg,1,0,0,1,major_pothole,0.7283303920847561
img-323.jpg,5,0,2,3,major_pothole,0.7520632612512466
img-324.jpg,1,0,0,1,major_pothole,0.7660317664163891
img-325.jpg,6,0,5,1,major_pothole,0.6491618874558189
img-326.jpg,1,0,0,1,major_pothole,0.7750556648536825
img-327.jpg,2,0,0,2,major_pothole,0.7712669636889503
img-328.jpg,4,0,3,1,major_pothole,0.715613182193131
img-329.jpg,6,0,6,0,medium_pothole,0.6575412509933909
img-33.jpg,2,1,1,0,medium_pothole,0.6293490630579676
img-330.jpg,2,0,0,2,major_pothole,0.7423129735502608
img-331.jpg,13,0,12,1,major_pothole,0.6946897578709041
img-332.jpg,5,0,2,3,major_pothole,0.7636394651483991
img-333.jpg,4,0,3,1,major_pothole,0.6773260761865295
img-334.jpg,4,0,2,2,major_pothole,0.776024284828176
img-335.jpg,5,0,3,2,major_pothole,0.7264295524514198
img-336.jpg,3,0,2,1,major_pothole,0.7912410585356703
img-337.jpg,1,0,0,1,major_pothole,0.7430173525365571
img-34.jpg,1,0,0,1,major_pothole,0.8133193605299938
img-340.jpg,2,0,0,2,major_pothole,0.7687044549732185
img-341.jpg,3,0,2,1,major_pothole,0.7451172527319024
img-342.jpg,1,0,0,1,major_pothole,0.7196122012672792
img-343.jpg,1,0,0,1,major_pothole,0.7678726582690844
img-344.jpg,5,0,2,3,major_pothole,0.7280866251626397
img-345.jpg,2,0,1,1,major_pothole,0.7485783830375502
img-346.jpg,4,0,3,1,major_pothole,0.7408076598851038
img-347.jpg,1,0,0,1,major_pothole,0.7507439385381421
img-348.jpg,1,0,0,1,major_pothole,0.7083991878682055
img-35.jpg,1,0,1,0,medium_pothole,0.4667741463978012
img-350.jpg,5,0,2,3,major_pothole,0.7819845840754795
img-351.jpg,1,0,0,1,major_pothole,0.8283000909036132
img-352.jpg,2,0,1,1,major_pothole,0.7326071886013028
img-353.jpg,3,0,3,0,medium_pothole,0.6704061190592029
img-354.jpg,5,0,5,0,medium_pothole,0.6799690512082561
img-355.jpg,1,0,1,0,medium_pothole,0.6133127369876601
img-356.jpg,1,0,0,1,major_pothole,0.6896699047571637
img-357.jpg,1,0,0,1,major_pothole,0.740284062671427
img-358.jpg,2,0,1,1,major_pothole,0.7626753880705562
img-359.jpg,3,0,1,2,major_pothole,0.7312631621044141
img-36.jpg,1,0,1,0,medium_pothole,0.6844250568293475
img-360.jpg,7,0,5,2,major_pothole,0.6839047746416475
img-361.jpg,1,0,0,1,major_pothole,0.7825604058362353
img-362.jpg,2,0,0,2,major_pothole,0.7114433279319771
img-363.jpg,1,0,0,1,major_pothole,0.8060134396554143
img-364.jpg,1,0,0,1,major_pothole,0.7492677511814064
img-365.jpg,4,0,1,3,major_pothole,0.7954490515500979
img-366.jpg,1,0,0,1,major_pothole,0.7339634412976854
img-367.jpg,1,0,0,1,major_pothole,0.7225776684774329
img-368.jpg,5,0,5,0,medium_pothole,0.6645160630952933
img-369.jpg,1,0,0,1,major_pothole,0.7644666107961942
img-37.jpg,3,1,2,0,medium_pothole,0.7350519687873088
img-370.jpg,1,0,0,1,major_pothole,0.7160711699451254
img-371.jpg,1,0,1,0,medium_pothole,0.4663906041165657
img-372.jpg,1,0,0,1,major_pothole,0.7340897728079995
img-373.jpg,1,0,0,1,major_pothole,0.7640572572618527
img-374.jpg,3,0,1,2,major_pothole,0.7719024012281798
img-375.jpg,2,0,2,0,medium_pothole,0.6555623822018399
img-376.jpg,2,0,2,0,medium_pothole,0.6281866064451093
img-377.jpg,2,0,1,1,major_pothole,0.7691659995591593
img-378.jpg,1,0,0,1,major_pothole,0.7437463723179081
img-379.jpg,1,0,0,1,major_pothole,0.7872910848772742
img-38.jpg,2,1,1,0,medium_pothole,0.7776835608415291
img-380.jpg,1,0,0,1,major_pothole,0.7983570226381026
img-381.jpg,1,0,0,1,major_pothole,0.7870205961141216
img-382.jpg,3,0,0,3,major_pothole,0.7705545587835979
img-383.jpg,7,0,6,1,major_pothole,0.7510975850499191
img-384.jpg,2,0,0,2,major_pothole,0.769105507262236
img-385.jpg,1,0,0,1,major_pothole,0.8132192347295198
img-386.jpg,1,0,0,1,major_pothole,0.8254244087501273
img-387.jpg,2,0,1,1,major_pothole,0.7726316508315998
img-388.jpg,2,0,2,0,medium_pothole,0.6837845670864225
img-39.jpg,1,0,1,0,medium_pothole,0.6503771747397338
img-390.jpg,1,0,0,1,major_pothole,0.7347247445765457
img-391.jpg,5,0,4,1,major_pothole,0.7423614047537445
img-393.jpg,2,0,0,2,major_pothole,0.710436045351487
img-394.jpg,2,0,0,2,major_pothole,0.7560020636383206
img-395.jpg,3,0,2,1,major_pothole,0.6529782514468846
img-396.jpg,1,0,0,1,major_pothole,0.7832803020189082
img-397.jpg,3,0,3,0,medium_pothole,0.6228431944511837
img-398.jpg,1,0,0,1,major_pothole,0.7084422339832368
img-399.jpg,14,0,10,4,major_pothole,0.7507874156110301
img-4.jpg,1,0,1,0,medium_pothole,0.6962312683551367
img-40.jpg,1,0,1,0,medium_pothole,0.6520873527330815
img-400.jpg,1,0,0,1,major_pothole,0.7557255908150333
img-401.jpg,1,0,0,1,major_pothole,0.7689168607428225
img-402.jpg,1,0,0,1,major_pothole,0.7490614678011027
img-403.jpg,1,0,0,1,major_pothole,0.7799720915085537
img-404.jpg,3,0,2,1,major_pothole,0.7704957938962816
img-405.jpg,8,0,4,4,major_pothole,0.7127170207344271
img-406.jpg,1,0,0,1,major_pothole,0.8018384140859283
img-407.jpg,9,0,8,1,major_pothole,0.6990273116434065
img-408.jpg,3,0,2,1,major_pothole,0.717716029218611
img-409.jpg,3,0,2,1,major_pothole,0.7390039209696564
img-41.jpg,2,0,2,0,medium_pothole,0.6685504506795966
img-410.jpg,1,0,0,1,major_pothole,0.7801950888760266
img-411.jpg,13,0,13,0,medium_pothole,0.676232151350402
img-412.jpg,2,0,1,1,major_pothole,0.7499053913548865
img-413.jpg,3,0,1,2,major_pothole,0.5638020766389894
img-414.jpg,1,0,0,1,major_pothole,0.7371918538147035
img-415.jpg,2,0,1,1,major_pothole,0.6161355561973227
img-416.jpg,2,0,1,1,major_pothole,0.7465074416544945
img-417.jpg,1,0,0,1,major_pothole,0.7296603666416117
img-418.jpg,7,0,7,0,medium_pothole,0.6717334844392311
img-419.jpg,2,0,0,2,major_pothole,0.8534740331585331
img-42.jpg,2,0,2,0,medium_pothole,0.7209869369293823
img-420.jpg,1,0,0,1,major_pothole,0.763787739615722
img-421.jpg,4,0,3,1,major_pothole,0.6760199698344665
img-422.jpg,1,0,0,1,major_pothole,0.7070744178035862
img-423.jpg,1,0,0,1,major_pothole,0.7547542178484011
img-424.jpg,1,0,0,1,major_pothole,0.7138085246053386
img-425.jpg,2,0,0,2,major_pothole,0.800672934142295
img-426.jpg,1,0,0,1,major_pothole,0.8533167716682464
img-427.jpg,1,0,0,1,major_pothole,0.8291271172493658
img-428.jpg,6,0,5,1,major_pothole,0.6890480230932271
img-429.jpg,2,0,0,2,major_pothole,0.7453966240765723
img-43.jpg,3,1,2,0,medium_pothole,0.7472143378866584
img-430.jpg,2,0,1,1,major_pothole,0.739593754458605
img-431.jpg,4,0,2,2,major_pothole,0.7596534641590763
img-432.jpg,1,0,0,1,major_pothole,0.763358945695526
img-433.jpg,2,0,0,2,major_pothole,0.7326493314147211
img-434.jpg,1,0,0,1,major_pothole,0.760989681224579
img-435.jpg,1,0,0,1,major_pothole,0.7286352403809438
img-436.jpg,7,0,6,1,major_pothole,0.7498458808012569
img-437.jpg,1,0,0,1,major_pothole,0.7243741358430691
img-438.jpg,1,0,0,1,major_pothole,0.6679302948667957
img-439.jpg,3,0,1,2,major_pothole,0.7655934945759539
img-44.jpg,2,1,1,0,medium_pothole,0.7093716258016273
img-440.jpg,1,0,0,1,major_pothole,0.7824512667306197
img-441.jpg,3,0,2,1,major_pothole,0.7517122907690648
img-442.jpg,1,0,0,1,major_pothole,0.5618057593927425
img-443.jpg,5,0,2,3,major_pothole,0.7423252269093863
img-444.jpg,8,0,7,1,major_pothole,0.6978024170750445
img-445.jpg,2,0,1,1,major_pothole,0.7802489812847784
img-446.jpg,8,0,7,1,major_pothole,0.7045666630463608
img-447.jpg,1,0,0,1,major_pothole,0.7825960413890828
img-448.jpg,3,0,1,2,major_pothole,0.7529439962241921
img-449.jpg,4,0,2,2,major_pothole,0.7474231399842237
img-45.jpg,1,0,1,0,medium_pothole,0.6217563709110377
img-450.jpg,1,0,0,1,major_pothole,0.7553508575012293
img-451.jpg,3,0,2,1,major_pothole,0.6448856464136333
img-452.jpg,1,0,0,1,major_pothole,0.822794695919007
img-453.jpg,1,0,0,1,major_pothole,0.75455352123732
img-454.jpg,4,0,2,2,major_pothole,0.7778543770906484
img-455.jpg,1,0,1,0,medium_pothole,0.639506009347996
img-456.jpg,1,0,0,1,major_pothole,0.7413311243372258
img-457.jpg,3,0,2,1,major_pothole,0.7949585131279192
img-458.jpg,1,0,0,1,major_pothole,0.7556264661350985
img-459.jpg,2,0,0,2,major_pothole,0.7367870244856227
img-46.jpg,1,0,1,0,medium_pothole,0.6841386335937021
img-460.jpg,2,0,0,2,major_pothole,0.7817174597424257
img-461.jpg,1,0,1,0,medium_pothole,0.5254866723684447
img-462.jpg,1,0,0,1,major_pothole,0.687214643885302
img-463.jpg,1,0,0,1,major_pothole,0.7989989710939965
img-464.jpg,1,0,0,1,major_pothole,0.8244779785945765
img-465.jpg,3,0,0,3,major_pothole,0.7697042704538919
img-466.jpg,1,0,0,1,major_pothole,0.6852553761780458
img-467.jpg,1,0,0,1,major_pothole,0.8288325206207513
img-468.jpg,1,0,0,1,major_pothole,0.7481124202025646
img-469.jpg,3,0,2,1,major_pothole,0.7121048541468867
img-47.jpg,1,0,1,0,medium_pothole,0.665235268077429
img-470.jpg,1,0,0,1,major_pothole,0.6683066420781303
img-471.jpg,18,0,18,0,medium_pothole,0.6742582998803853
img-472.jpg,1,0,0,1,major_pothole,0.7661401030974847
img-473.jpg,1,0,0,1,major_pothole,0.7795206377669128
img-474.jpg,3,0,2,1,major_pothole,0.667860547579134
img-475.jpg,1,0,0,1,major_pothole,0.8172491815819892
img-476.jpg,4,0,4,0,medium_pothole,0.6556155698372136
img-477.jpg,3,0,1,2,major_pothole,0.744511543521744
img-478.jpg,2,0,1,1,major_pothole,0.7630645440669954
img-48.jpg,2,1,1,0,medium_pothole,0.7044513740101251
img-482.jpg,4,0,2,2,major_pothole,0.7961777886567812
img-483.jpg,1,0,0,1,major_pothole,0.7593700419200676
img-484.jpg,5,0,2,3,major_pothole,0.7560952560092066
img-485.jpg,1,0,0,1,major_pothole,0.7521703724515956
img-486.jpg,6,0,3,3,major_pothole,0.6846890825999397
img-487.jpg,2,0,0,2,major_pothole,0.7424650691972539
img-488.jpg,2,0,1,1,major_pothole,0.7867811132137024
img-489.jpg,2,0,1,1,major_pothole,0.8123637707907628
img-49.jpg,2,1,1,0,medium_pothole,0.6708701002710682
img-490.jpg,4,0,1,3,major_pothole,0.6612041104535636
img-491.jpg,2,0,0,2,major_pothole,0.7671639325601438
img-492.jpg,5,0,3,2,major_pothole,0.7645873224186958
img-493.jpg,16,0,16,0,medium_pothole,0.6720508767083457
img-494.jpg,4,0,3,1,major_pothole,0.7770719326415427
img-495.jpg,1,0,0,1,major_pothole,0.8345613330356758
img-496.jpg,1,0,0,1,major_pothole,0.7917316050551035
img-497.jpg,1,0,0,1,major_pothole,0.7445776208462255
img-498.jpg,5,0,4,1,major_pothole,0.6680296864668183
img-499.jpg,1,0,0,1,major_pothole,0.7725464309109953
img-5.jpg,2,1,1,0,medium_pothole,0.740700417644137
img-50.jpg,1,1,0,0,minor_pothole,0.5939281248216858
img-500.jpg,2,0,1,1,major_pothole,0.632790521076043
img-501.jpg,3,0,1,2,major_pothole,0.781581463648301
img-502.jpg,6,0,3,3,major_pothole,0.7887733412981194
img-503.jpg,1,0,0,1,major_pothole,0.7253709559877218
img-504.jpg,3,0,2,1,major_pothole,0.7564916483029965
img-505.jpg,1,0,0,1,major_pothole,0.7346507914803118
img-506.jpg,1,0,0,1,major_pothole,0.7636760288629234
img-507.jpg,7,0,0,7,major_pothole,0.81953667114199
img-508.jpg,10,0,6,4,major_pothole,0.736192431462878
img-509.jpg,9,0,5,4,major_pothole,0.7864364709493978
img-51.jpg,2,1,1,0,medium_pothole,0.6175381609164682
img-510.jpg,17,0,17,0,medium_pothole,0.6438165599515836
img-511.jpg,1,0,0,1,major_pothole,0.7647441277896537
img-512.jpg,5,0,3,2,major_pothole,0.7581542790729304
img-513.jpg,1,0,0,1,major_pothole,0.7560558813503987
img-514.jpg,6,0,5,1,major_pothole,0.7393543060198012
img-515.jpg,1,0,0,1,major_pothole,0.7728334779532448
img-516.jpg,4,0,2,2,major_pothole,0.7100905654228546
img-517.jpg,2,0,1,1,major_pothole,0.7744412540989486
img-518.jpg,1,0,0,1,major_pothole,0.7778425496028323
img-519.jpg,8,0,6,2,major_pothole,0.8007246159156356
img-52.jpg,2,1,1,0,medium_pothole,0.7049536303983874
img-520.jpg,1,0,0,1,major_pothole,0.8243417663489654
img-521.jpg,1,0,0,1,major_pothole,0.7451245252852787
img-522.jpg,3,0,1,2,major_pothole,0.7721178349442083
img-523.jpg,2,0,1,1,major_pothole,0.7463583389364595
img-524.jpg,5,0,3,2,major_pothole,0.7465147719614587
img-525.jpg,4,0,3,1,major_pothole,0.8065112411917871
img-526.jpg,10,0,5,5,major_pothole,0.8136872397196826
img-527.jpg,1,0,0,1,major_pothole,0.773585612196857
img-528.jpg,1,0,0,1,major_pothole,0.8117598638765361
img-529.jpg,4,0,3,1,major_pothole,0.7388138411864943
img-53.jpg,2,0,2,0,medium_pothole,0.6707256320657794
img-530.jpg,8,0,2,6,major_pothole,0.7524529635887087
img-531.jpg,9,0,7,2,major_pothole,0.7563258356402329
img-532.jpg,2,0,1,1,major_pothole,0.6943842304821365
img-533.jpg,3,0,2,1,major_pothole,0.6977580103581882
img-534.jpg,5,0,3,2,major_pothole,0.80460486093773
img-535.jpg,5,0,3,2,major_pothole,0.7719128883509707
img-536.jpg,1,0,0,1,major_pothole,0.7084872255293703
img-537.jpg,1,0,0,1,major_pothole,0.7519918453628986
img-538.jpg,1,0,0,1,major_pothole,0.7356994186271276
img-539.jpg,4,0,1,3,major_pothole,0.7858719821566225
img-54.jpg,1,0,1,0,medium_pothole,0.6744681754332702
img-540.jpg,2,0,1,1,major_pothole,0.7891031892089744
img-541.jpg,1,0,0,1,major_pothole,0.7776204693880773
img-542.jpg,2,0,0,2,major_pothole,0.7538445842369146
img-543.jpg,2,0,0,2,major_pothole,0.8505635291590747
img-544.jpg,2,0,1,1,major_pothole,0.7588593123271592
img-545.jpg,2,0,0,2,major_pothole,0.7788909880647228
img-546.jpg,1,0,0,1,major_pothole,0.7608265640540607
img-547.jpg,3,0,1,2,major_pothole,0.8091606005990121
img-548.jpg,2,0,1,1,major_pothole,0.74747710403745
img-549.jpg,2,0,1,1,major_pothole,0.7852736019548616
img-55.jpg,5,3,2,0,medium_pothole,0.7730954158879024
img-550.jpg,7,0,6,1,major_pothole,0.6849130652560278
img-551.jpg,7,0,7,0,medium_pothole,0.6696495258036502
img-552.jpg,17,0,12,5,major_pothole,0.7458409951821768
img-553.jpg,2,0,1,1,major_pothole,0.7436077352727769
img-554.jpg,7,0,5,2,major_pothole,0.7398950526839507
img-555.jpg,1,0,0,1,major_pothole,0.7900119309253348
img-557.jpg,1,0,0,1,major_pothole,0.4872120194099824
img-558.jpg,3,0,2,1,major_pothole,0.8110694684218522
img-559.jpg,2,0,1,1,major_pothole,0.7991692045199011
img-56.jpg,2,1,1,0,medium_pothole,0.6485028369196907
img-560.jpg,4,0,4,0,medium_pothole,0.6749356455293248
img-561.jpg,9,0,6,3,major_pothole,0.8246769105821817
img-562.jpg,2,0,2,0,medium_pothole,0.6815809668118044
img-563.jpg,2,0,2,0,medium_pothole,0.6281238533212447
img-564.jpg,5,0,3,2,major_pothole,0.6669040641034939
img-565.jpg,1,0,0,1,major_pothole,0.7535983077839096
img-566.jpg,10,0,10,0,medium_pothole,0.6884264164750248
img-567.jpg,1,0,0,1,major_pothole,0.8199653284094381
img-568.jpg,2,0,1,1,major_pothole,0.777872053580275
img-569.jpg,2,0,1,1,major_pothole,0.6935315694966705
img-57.jpg,1,0,1,0,medium_pothole,0.5810709057212677
img-570.jpg,5,0,5,0,medium_pothole,0.6335393730490791
img-571.jpg,15,0,14,1,major_pothole,0.7458732748646159
img-572.jpg,3,0,3,0,medium_pothole,0.6553796553018405
img-573.jpg,1,0,0,1,major_pothole,0.7889285089912341
img-574.jpg,9,0,6,3,major_pothole,0.7609837677299551
img-575.jpg,5,0,1,4,major_pothole,0.7720129314172682
img-576.jpg,2,0,1,1,major_pothole,0.7302313572203665
img-577.jpg,14,0,12,2,major_pothole,0.747854879368995
img-578.jpg,1,0,0,1,major_pothole,0.7481557110093323
img-579.jpg,1,0,0,1,major_pothole,0.7191608759731658
img-58.jpg,3,2,1,0,medium_pothole,0.7742937862309576
img-580.jpg,3,0,3,0,medium_pothole,0.6509457656001194
img-581.jpg,6,0,6,0,medium_pothole,0.6593047764731385
img-582.jpg,1,0,0,1,major_pothole,0.789996384366005
img-583.jpg,1,0,0,1,major_pothole,0.7320942066243072
img-584.jpg,2,0,1,1,major_pothole,0.7556213480098047
img-585.jpg,5,0,2,3,major_pothole,0.786102298416232
img-586.jpg,1,0,0,1,major_pothole,0.7517777704630609
img-587.jpg,2,0,1,1,major_pothole,0.7443103921285814
img-588.jpg,1,0,0,1,major_pothole,0.7393780354960027
img-589.jpg,12,0,11,1,major_pothole,0.6704689238750912
img-59.jpg,2,0,2,0,medium_pothole,0.6902777075930101
img-590.jpg,1,0,0,1,major_pothole,0.7428221627562902
img-591.jpg,2,0,0,2,major_pothole,0.7828208073645928
img-592.jpg,3,0,2,1,major_pothole,0.6864771888956487
img-593.jpg,3,0,0,3,major_pothole,0.7514145509389208
img-594.jpg,6,0,5,1,major_pothole,0.7846226911243099
img-595.jpg,19,0,16,3,major_pothole,0.770528606007709
img-596.jpg,1,0,0,1,major_pothole,0.7692502389504393
img-597.jpg,2,0,1,1,major_pothole,0.6469009590213883
img-598.jpg,5,0,5,0,medium_pothole,0.6343345062565012
img-6.jpg,2,0,2,0,medium_pothole,0.685873074710409
img-60.jpg,2,1,1,0,medium_pothole,0.777179463975402
img-600.jpg,5,0,3,2,major_pothole,0.7660773645717145
img-601.jpg,2,0,0,2,major_pothole,0.777544998863178
img-602.jpg,1,0,0,1,major_pothole,0.7707483351662582
img-603.jpg,1,0,0,1,major_pothole,0.7651469778007297
img-604.jpg,9,0,6,3,major_pothole,0.7558455158477415
img-605.jpg,1,0,0,1,major_pothole,0.7540177792319827
img-606.jpg,1,0,0,1,major_pothole,0.7129746339520661
img-607.jpg,1,0,0,1,major_pothole,0.7307629279461821
img-608.jpg,1,0,0,1,major_pothole,0.7606291738196744
img-609.jpg,5,0,3,2,major_pothole,0.7668169064480135
img-61.jpg,1,1,0,0,minor_pothole,0.5524420055440067
img-610.jpg,4,0,3,1,major_pothole,0.698957077167398
img-611.jpg,1,0,0,1,major_pothole,0.768233310248106
img-612.jpg,4,0,3,1,major_pothole,0.7628058038783266
img-614.jpg,2,0,1,1,major_pothole,0.8098308341603342
img-615.jpg,1,0,0,1,major_pothole,0.7625941211514734
img-616.jpg,5,0,4,1,major_pothole,0.7398209387571808
img-617.jpg,5,0,3,2,major_pothole,0.7830406856216005
img-618.jpg,7,0,6,1,major_pothole,0.6922049684945409
img-619.jpg,1,0,0,1,major_pothole,0.7480045386559282
img-62.jpg,2,0,2,0,medium_pothole,0.6865750373007051
img-620.jpg,2,0,1,1,major_pothole,0.7983110804278124
img-621.jpg,6,0,5,1,major_pothole,0.7340129094508049
img-623.jpg,1,0,0,1,major_pothole,0.7891123805881998
img-624.jpg,11,0,11,0,medium_pothole,0.6804925667523475
img-626.jpg,2,0,1,1,major_pothole,0.7830894886076671
img-627.jpg,2,0,1,1,major_pothole,0.5925006098220807
img-628.jpg,1,0,0,1,major_pothole,0.7729539121910592
img-629.jpg,1,0,0,1,major_pothole,0.7794463595136234
img-63.jpg,1,0,1,0,medium_pothole,0.6846656935509611
img-630.jpg,2,0,1,1,major_pothole,0.7650838208591338
img-631.jpg,3,0,1,2,major_pothole,0.7848484615773292
img-632.jpg,1,0,1,0,medium_pothole,0.5601795784256917
img-633.jpg,1,0,0,1,major_pothole,0.786959709818376
img-634.jpg,13,0,13,0,medium_pothole,0.7083653484229226
img-635.jpg,1,0,0,1,major_pothole,0.7321588412746102
img-636.jpg,7,0,4,3,major_pothole,0.7534849965504797
img-637.jpg,2,0,2,0,medium_pothole,0.6650573439969015
img-638.jpg,1,0,0,1,major_pothole,0.778190254790029
img-639.jpg,1,0,0,1,major_pothole,0.7375540736769979
img-64.jpg,1,0,1,0,medium_pothole,0.6693077657006341
img-640.jpg,1,0,0,1,major_pothole,0.7716264248893494
img-641.jpg,1,0,0,1,major_pothole,0.7458670846000903
img-642.jpg,3,0,2,1,major_pothole,0.7671767979558757
img-643.jpg,1,0,0,1,major_pothole,0.7750147114936049
img-644.jpg,3,0,1,2,major_pothole,0.7688369525376183
img-645.jpg,1,0,0,1,major_pothole,0.7666859158309123
img-646.jpg,1,0,0,1,major_pothole,0.7370343445085563
img-647.jpg,1,0,0,1,major_pothole,0.8142321303344175
img-648.jpg,12,0,8,4,major_pothole,0.6810764702117538
img-65.jpg,1,0,1,0,medium_pothole,0.6772711796561174
img-650.jpg,2,0,2,0,medium_pothole,0.6524297904841814
img-651.jpg,1,0,0,1,major_pothole,0.7544938965511463
img-652.jpg,3,0,0,3,major_pothole,0.7607776032165035
img-653.jpg,3,0,2,1,major_pothole,0.7410727399992153
img-654.jpg,3,0,2,1,major_pothole,0.7244742652798818
img-656.jpg,2,0,1,1,major_pothole,0.7234129323955194
img-657.jpg,1,0,0,1,major_pothole,0.727690861007803
img-658.jpg,4,0,3,1,major_pothole,0.7518793859435257
img-659.jpg,1,0,0,1,major_pothole,0.7899141093661971
img-66.jpg,6,5,1,0,medium_pothole,0.7711429609403102
img-660.jpg,1,0,1,0,medium_pothole,0.6140720203791011
img-661.jpg,1,0,0,1,major_pothole,0.7690527147563021
img-662.jpg,5,0,5,0,medium_pothole,0.6618014886520222
img-664.jpg,1,0,0,1,major_pothole,0.7471253662896479
img-665.jpg,1,0,0,1,major_pothole,0.7687205912713466
img-666.jpg,1,0,1,0,medium_pothole,0.681168615781047
img-667.jpg,4,3,1,0,medium_pothole,0.8290188174990684
img-668.jpg,1,1,0,0,minor_pothole,0.7535077912192853
img-669.jpg,1,0,1,0,medium_pothole,0.5349041002904393
img-67.jpg,3,1,2,0,medium_pothole,0.6870769773651989
img-670.jpg,16,3,13,0,medium_pothole,0.8371739306772273
img-671.jpg,1,0,0,1,major_pothole,0.707467784729784
img-672.jpg,1,0,0,1,major_pothole,0.7179830063028475
img-673.jpg,2,0,1,1,major_pothole,0.6062489425974461
img-674.jpg,1,0,1,0,medium_pothole,0.6133201867409106
img-676.jpg,2,0,0,2,major_pothole,0.7550479187813068
img-677.jpg,1,0,0,1,major_pothole,0.7208235210386132
img-678.jpg,2,0,2,0,medium_pothole,0.4592198818801399
img-679.jpg,1,0,0,1,major_pothole,0.7086490327709907
img-68.jpg,2,0,2,0,medium_pothole,0.6621875175179761
img-680.jpg,1,0,0,1,major_pothole,0.6640936104382886
img-681.jpg,1,0,0,1,major_pothole,0.7161255373023635
img-682.jpg,1,0,1,0,medium_pothole,0.5051406100492484
img-683.jpg,1,0,0,1,major_pothole,0.7858504798435942
img-684.jpg,4,0,3,1,major_pothole,0.7144147057625775
img-685.jpg,1,0,0,1,major_pothole,0.6651457981207639
img-686.jpg,1,0,0,1,major_pothole,0.6790109166156867
img-687.jpg,1,0,0,1,major_pothole,0.7073865063702304
img-688.jpg,1,0,1,0,medium_pothole,0.5389839550391221
img-689.jpg,1,0,1,0,medium_pothole,0.512136612909571
img-69.jpg,2,1,1,0,medium_pothole,0.6061595718471756
img-690.jpg,1,1,0,0,minor_pothole,0.5466629585415598
img-691.jpg,1,0,0,1,major_pothole,0.6270957554110261
img-692.jpg,3,2,0,1,major_pothole,0.6942995800082706
img-693.jpg,11,1,10,0,medium_pothole,0.6805031234040541
img-694.jpg,1,0,0,1,major_pothole,0.8058429203211652
img-695.jpg,2,1,1,0,medium_pothole,0.7452618803825917
img-696.jpg,1,1,0,0,minor_pothole,0.5339878884215493
img-697.jpg,2,0,2,0,medium_pothole,0.7960863911750178
img-698.jpg,1,0,0,1,major_pothole,0.7492136282566774
img-699.jpg,5,3,2,0,medium_pothole,0.5904742634956841
img-7.jpg,1,0,1,0,medium_pothole,0.6792652547256924
img-70.jpg,2,1,1,0,medium_pothole,0.7212702740607371
img-700.jpg,1,1,0,0,minor_pothole,0.6529534228866208
img-701.jpg,1,1,0,0,minor_pothole,0.7892911367756775
img-702.jpg,1,1,0,0,minor_pothole,0.7534364128672316
img-703.jpg,4,1,3,0,medium_pothole,0.6763674092851542
img-704.jpg,1,0,0,1,major_pothole,0.520636856252446
img-705.jpg,2,0,1,1,major_pothole,0.75381140687868
img-706.jpg,1,0,0,1,major_pothole,0.6095792049652671
img-707.jpg,2,0,2,0,medium_pothole,0.6954849494428433
img-708.jpg,2,1,1,0,medium_pothole,0.6905339467000838
img-709.jpg,2,0,2,0,medium_pothole,0.7028176814615605
img-71.jpg,2,1,1,0,medium_pothole,0.7536369875788409
img-710.jpg,2,0,2,0,medium_pothole,0.766313018880349
img-711.jpg,1,0,1,0,medium_pothole,0.7961630346184797
img-712.jpg,1,0,1,0,medium_pothole,0.6846178406538264
img-713.jpg,1,0,1,0,medium_pothole,0.7936369741655082
img-714.jpg,1,0,1,0,medium_pothole,0.8420098391598392
img-715.jpg,1,0,1,0,medium_pothole,0.681129865715614
img-716.jpg,1,0,1,0,medium_pothole,0.7680193147775646
img-717.jpg,1,1,0,0,minor_pothole,0.915006232826578
img-72.jpg,1,0,1,0,medium_pothole,0.6638564978885866
img-73.jpg,2,1,1,0,medium_pothole,0.666168847254009
img-74.jpg,1,1,0,0,minor_pothole,0.6894530632090399
img-75.jpg,1,0,1,0,medium_pothole,0.5585494860213219
img-76.jpg,2,0,2,0,medium_pothole,0.6859547007418001
img-77.jpg,4,1,3,0,medium_pothole,0.7179809977883098
img-78.jpg,2,1,1,0,medium_pothole,0.7506870433899718
img-79.jpg,1,0,1,0,medium_pothole,0.6676461534126895
img-8.jpg,2,0,2,0,medium_pothole,0.6856966965746178
img-80.jpg,1,0,1,0,medium_pothole,0.6635167095358243
img-81.jpg,2,0,2,0,medium_pothole,0.7027366878721721
img-82.jpg,2,1,1,0,medium_pothole,0.7590901482470807
img-83.jpg,1,0,1,0,medium_pothole,0.6439684857181812
img-84.jpg,3,1,2,0,medium_pothole,0.6196345546882843
img-85.jpg,2,1,1,0,medium_pothole,0.7655228242200484
img-86.jpg,2,0,2,0,medium_pothole,0.6446820418210008
img-87.jpg,1,0,1,0,medium_pothole,0.6515988159729158
img-88.jpg,1,0,1,0,medium_pothole,0.6769382454694648
img-89.jpg,2,1,1,0,medium_pothole,0.6904844692223909
img-9.jpg,2,1,1,0,medium_pothole,0.6828824988397969
img-90.jpg,1,0,1,0,medium_pothole,0.6644715816926222
img-91.jpg,1,1,0,0,minor_pothole,0.5227538793778977
img-92.jpg,1,0,1,0,medium_pothole,0.6746513727534796
img-93.jpg,3,1,2,0,medium_pothole,0.689491618719604
img-94.jpg,1,0,1,0,medium_pothole,0.7227368391748391
img-95.jpg,2,0,2,0,medium_pothole,0.6864668155081584
img-96.jpg,1,0,1,0,medium_pothole,0.5154797963970171
img-97.jpg,3,1,1,1,major_pothole,0.7243158239648627
img-98.jpg,4,2,2,0,medium_pothole,0.755266730624796
img-99.jpg,1,0,1,0,medium_pothole,0.6738771531586433
