filename,pothole_count,minor_count,medium_count,major_count,highest_predicted_severity,priority_score_max,confidence_min,review_flag,priority_category
0b360769-img-338.jpg,1,0,0,1,major_pothole,2.657765046255088,0.7285556375731075,False,CRITICAL
1e952089-img-481.jpg,2,0,0,2,major_pothole,2.739314467587242,0.7415098273909285,False,CRITICAL
27592eb4-img-389.jpg,6,0,2,4,major_pothole,2.7447887955559853,0.4952362970552387,False,CRITICAL
3fca2974-img-613.jpg,3,0,2,1,major_pothole,2.729776533828557,0.4918692804791714,False,CRITICAL
58c33a05-img-392.jpg,5,0,3,2,major_pothole,2.5579497016342043,0.5484892847877229,False,HIGH
783bde8f-img-622.jpg,16,0,13,3,major_pothole,2.80489414410107,0.5449090447599101,False,CRITICAL
7f54daf5-img-349.jpg,2,0,1,1,major_pothole,2.664802596495373,0.6445299388386587,False,CRITICAL
8d4997e8-img-649.jpg,2,0,0,2,major_pothole,2.679161871963097,0.7097368782935823,False,CRITICAL
96d6e1f7-img-339.jpg,5,0,4,1,major_pothole,2.6272369342320294,0.5822377515465881,False,CRITICAL
ab5a6542-img-599.jpg,23,3,20,0,medium_pothole,2.332084001201429,0.4373249510211895,True,REVIEW REQUIRED
b8f567ca-img-625.jpg,3,0,0,3,major_pothole,2.7655040977096235,0.7323304696291529,False,CRITICAL
c0a58e21-img-655.jpg,10,0,5,5,major_pothole,2.6885200374619767,0.5882698332839944,False,CRITICAL
cd8b432e-img-663.jpg,17,0,15,2,major_pothole,2.58626777829132,0.5606163899424706,False,HIGH
d0c3cc66-img-556.jpg,12,1,10,1,major_pothole,2.7280954737044936,0.5384380352559545,False,CRITICAL
db9c2aaa-img-480.jpg,7,0,5,2,major_pothole,2.799542212943684,0.5476646844294142,False,CRITICAL
e7a7d17b-img-479.jpg,1,0,0,1,major_pothole,2.834134432368656,0.8568625792625858,False,CRITICAL
img-1.jpg,1,0,1,0,medium_pothole,2.120274431912183,0.7079185175785226,False,HIGH
img-10.jpg,1,0,1,0,medium_pothole,1.89043318424724,0.6831539134545033,False,MEDIUM
img-100.jpg,1,0,1,0,medium_pothole,1.9148961657777852,0.6801143875147556,False,MEDIUM
img-101.jpg,2,0,2,0,medium_pothole,1.8852533688125812,0.5618161567856975,False,MEDIUM
img-102.jpg,1,0,1,0,medium_pothole,1.8791417519348312,0.653551600525976,False,MEDIUM
img-103.jpg,1,0,1,0,medium_pothole,1.936931512395631,0.6852981198885236,False,MEDIUM
img-104.jpg,2,1,1,0,medium_pothole,2.08141226568958,0.6674693247322077,False,HIGH
img-105.jpg,2,1,1,0,medium_pothole,1.8142159655031131,0.6232028718122994,False,MEDIUM
img-106.jpg,2,0,2,0,medium_pothole,2.1545490788003523,0.6601859376319341,False,HIGH
img-107.jpg,1,0,1,0,medium_pothole,2.043305150096715,0.6545978845273897,False,HIGH
img-108.jpg,5,3,2,0,medium_pothole,1.893207836270767,0.583086100260747,False,MEDIUM
img-109.jpg,3,1,2,0,medium_pothole,1.9184284403242535,0.498736451093433,False,MEDIUM
img-11.jpg,1,0,1,0,medium_pothole,2.059670468184605,0.6569911413172553,False,HIGH
img-110.jpg,2,1,1,0,medium_pothole,2.203701214062753,0.5375904015769394,False,HIGH
img-111.jpg,3,2,1,0,medium_pothole,1.906867744578164,0.5545683838177885,False,MEDIUM
img-112.jpg,1,0,1,0,medium_pothole,2.134110996613864,0.7098918061185897,False,HIGH
img-113.jpg,1,0,0,1,major_pothole,2.7262460873586605,0.7656163414655565,False,CRITICAL
img-114.jpg,1,0,1,0,medium_pothole,1.756912191827306,0.5823159558228724,False,MEDIUM
img-115.jpg,1,0,1,0,medium_pothole,1.9553335769778768,0.6854147418810789,False,MEDIUM
img-116.jpg,2,1,1,0,medium_pothole,2.0193421380604484,0.5795913547485365,False,HIGH
img-117.jpg,2,1,1,0,medium_pothole,1.840822356753319,0.6004166735137858,False,MEDIUM
img-118.jpg,1,0,0,1,major_pothole,2.7346030920840536,0.7682961552617802,False,CRITICAL
img-119.jpg,2,0,2,0,medium_pothole,1.9965067674347845,0.6510736874054939,False,MEDIUM
img-12.jpg,1,0,1,0,medium_pothole,1.977350244998957,0.6436062534058385,False,MEDIUM
img-120.jpg,1,0,1,0,medium_pothole,1.9721266741767047,0.7016727778319116,False,MEDIUM
img-121.jpg,3,1,2,0,medium_pothole,2.05670505316996,0.6564120405342961,False,HIGH
img-122.jpg,1,0,1,0,medium_pothole,1.9678717088660047,0.6724678688862544,False,MEDIUM
img-123.jpg,1,0,1,0,medium_pothole,1.9327444387733277,0.6740265531797262,False,MEDIUM
img-124.jpg,7,5,2,0,medium_pothole,1.988808711513625,0.4930064646699615,False,MEDIUM
img-125.jpg,3,2,1,0,medium_pothole,1.842053157844616,0.6358568490814076,False,MEDIUM
img-126.jpg,3,2,1,0,medium_pothole,1.994220994810033,0.6741394321976867,False,MEDIUM
img-127.jpg,3,1,2,0,medium_pothole,1.9146341373353224,0.5946010109048614,False,MEDIUM
img-128.jpg,1,0,1,0,medium_pothole,1.922798448373576,0.6605024434463169,False,MEDIUM
img-129.jpg,2,2,0,0,minor_pothole,1.5073931364005215,0.5650844949365516,False,MEDIUM
img-13.jpg,4,2,2,0,medium_pothole,2.020062722533471,0.6563343074403972,False,HIGH
img-130.jpg,2,2,0,0,minor_pothole,1.5360628613302414,0.5539370934569974,False,MEDIUM
img-131.jpg,1,1,0,0,minor_pothole,1.5019706779709583,0.5705601410894092,False,MEDIUM
img-132.jpg,2,1,1,0,medium_pothole,2.104661830656997,0.6763111090346388,False,HIGH
img-133.jpg,1,1,0,0,minor_pothole,1.5051198413899125,0.5870280392495649,False,MEDIUM
img-134.jpg,2,1,1,0,medium_pothole,1.8014904385077928,0.6249773161070634,False,MEDIUM
img-135.jpg,4,2,2,0,medium_pothole,2.1293443873400903,0.6143598751677861,False,HIGH
img-136.jpg,1,0,1,0,medium_pothole,1.7428915238849183,0.5878058361375887,False,MEDIUM
img-137.jpg,1,0,1,0,medium_pothole,1.895683768037856,0.6848003946977866,False,MEDIUM
img-138.jpg,1,1,0,0,minor_pothole,1.428433100641715,0.6572194880622275,False,MEDIUM
img-139.jpg,1,0,1,0,medium_pothole,1.8724034792393611,0.6747899474804817,False,MEDIUM
img-14.jpg,2,1,1,0,medium_pothole,2.325361897373845,0.5295662506594164,False,HIGH
img-140.jpg,2,0,2,0,medium_pothole,2.009466041735249,0.6774603463147771,False,HIGH
img-141.jpg,4,2,2,0,medium_pothole,1.7784833203979984,0.5169826712052716,False,MEDIUM
img-142.jpg,1,0,1,0,medium_pothole,2.14409069395326,0.7266106980812311,False,HIGH
img-143.jpg,1,0,1,0,medium_pothole,1.837161508519613,0.6328008092355073,False,MEDIUM
img-144.jpg,2,1,1,0,medium_pothole,1.8524424933771968,0.6439226508001752,False,MEDIUM
img-145.jpg,1,0,1,0,medium_pothole,1.707682891113232,0.519351432522123,False,MEDIUM
img-146.jpg,1,0,1,0,medium_pothole,2.1166981453570184,0.6889806350744085,False,HIGH
img-147.jpg,2,1,1,0,medium_pothole,1.6490580537259216,0.5090222240869887,False,MEDIUM
img-148.jpg,2,1,1,0,medium_pothole,1.8302807874007556,0.6533584404941621,False,MEDIUM
img-149.jpg,1,0,1,0,medium_pothole,2.1078144652349446,0.7240878591395069,False,HIGH
img-15.jpg,1,0,1,0,medium_pothole,1.9292066261767853,0.6836304818404927,False,MEDIUM
img-150.jpg,1,0,1,0,medium_pothole,2.13499057073152,0.7167950847801403,False,HIGH
img-151.jpg,1,0,1,0,medium_pothole,1.9617186491893783,0.6751772483274916,False,MEDIUM
img-152.jpg,5,4,1,0,medium_pothole,1.7367386914930212,0.5200888834627458,False,MEDIUM
img-153.jpg,1,0,1,0,medium_pothole,1.624726689067176,0.4610822611085848,False,MEDIUM
img-154.jpg,1,0,0,1,major_pothole,2.7954862104281024,0.8383975550911799,False,CRITICAL
img-155.jpg,3,1,2,0,medium_pothole,1.881901885254621,0.6380583596160473,False,MEDIUM
img-156.jpg,2,1,1,0,medium_pothole,2.085219619550135,0.6219835319607967,False,HIGH
img-157.jpg,2,1,1,0,medium_pothole,1.911649442701129,0.6800988357878082,False,MEDIUM
img-158.jpg,2,1,1,0,medium_pothole,1.8596275989052684,0.4621605436193041,False,MEDIUM
img-159.jpg,3,2,1,0,medium_pothole,1.7144494894871198,0.5108003751321293,False,MEDIUM
img-16.jpg,1,0,1,0,medium_pothole,1.966951487250218,0.6547408551633616,False,MEDIUM
img-160.jpg,4,0,4,0,medium_pothole,1.961030578008446,0.4619107017756654,False,MEDIUM
img-161.jpg,1,0,1,0,medium_pothole,1.6919225717790805,0.5107646094366864,False,MEDIUM
img-162.jpg,1,0,1,0,medium_pothole,2.0658228774532086,0.6782381287152397,False,HIGH
img-163.jpg,2,1,1,0,medium_pothole,2.105978768839312,0.6774004490998091,False,HIGH
img-164.jpg,1,0,1,0,medium_pothole,2.080965704111822,0.6869152170536454,False,HIGH
img-165.jpg,1,0,1,0,medium_pothole,2.061421603995448,0.6810528745392852,False,HIGH
img-166.jpg,2,1,1,0,medium_pothole,1.986216891415212,0.6629484243230571,False,MEDIUM
img-167.jpg,3,1,2,0,medium_pothole,1.930751610180756,0.5699746091404981,False,MEDIUM
img-168.jpg,2,1,1,0,medium_pothole,1.9432096266590395,0.6905462972523658,False,MEDIUM
img-169.jpg,1,0,1,0,medium_pothole,2.1256744618268484,0.69512955789027,False,HIGH
img-17.jpg,2,0,2,0,medium_pothole,2.119008078015574,0.6434941690317706,False,HIGH
img-170.jpg,2,1,1,0,medium_pothole,1.722658562587694,0.5344707699945161,False,MEDIUM
img-171.jpg,1,0,1,0,medium_pothole,2.05309082554724,0.6633217175331196,False,HIGH
img-172.jpg,5,3,2,0,medium_pothole,2.094809639627892,0.5305557677312922,False,HIGH
img-173.jpg,2,0,2,0,medium_pothole,2.0673645022945677,0.6980216463541249,False,HIGH
img-174.jpg,1,0,1,0,medium_pothole,2.081962738419868,0.6924157358110479,False,HIGH
img-175.jpg,3,1,2,0,medium_pothole,2.076036522594204,0.6618293606581169,False,HIGH
img-176.jpg,2,1,1,0,medium_pothole,1.9146195267987272,0.6313468062868061,False,MEDIUM
img-177.jpg,1,0,1,0,medium_pothole,1.9030033721058,0.6766079967188161,False,MEDIUM
img-178.jpg,3,1,2,0,medium_pothole,1.8794643366598565,0.4701572393535594,False,MEDIUM
img-179.jpg,5,1,4,0,medium_pothole,1.9232287241693016,0.5097525547036117,False,MEDIUM
img-18.jpg,5,3,2,0,medium_pothole,1.8043620131202027,0.4573211309930706,False,MEDIUM
img-180.jpg,1,0,1,0,medium_pothole,2.1078072917145003,0.6993097102107619,False,HIGH
img-181.jpg,1,0,1,0,medium_pothole,1.888531351437513,0.6716991048117289,False,MEDIUM
img-182.jpg,3,2,1,0,medium_pothole,1.9000917293838109,0.5286775247728175,False,MEDIUM
img-183.jpg,1,0,1,0,medium_pothole,2.031559134737223,0.6456403429566606,False,HIGH
img-184.jpg,11,5,6,0,medium_pothole,2.0622372095272192,0.5119311272018203,False,HIGH
img-185.jpg,1,0,1,0,medium_pothole,2.067646174176716,0.6583830381748168,False,HIGH
img-186.jpg,2,0,2,0,medium_pothole,2.1050088824668154,0.6820518349513138,False,HIGH
img-187.jpg,1,0,1,0,medium_pothole,2.0145457724873155,0.6692974893223733,False,HIGH
img-188.jpg,3,0,3,0,medium_pothole,1.7499100442699658,0.4574749154739186,False,MEDIUM
img-189.jpg,1,0,1,0,medium_pothole,1.944410072538708,0.6822206646916378,False,MEDIUM
img-19.jpg,2,0,2,0,medium_pothole,1.7992766174322978,0.4818732104391066,False,MEDIUM
img-190.jpg,2,0,2,0,medium_pothole,2.1244714786115337,0.5321660927966282,False,HIGH
img-191.jpg,3,2,1,0,medium_pothole,1.94848950588795,0.6255809459951207,False,MEDIUM
img-192.jpg,1,0,1,0,medium_pothole,1.7367951030030762,0.5559643518288793,False,MEDIUM
img-193.jpg,2,2,0,0,minor_pothole,1.32873626207831,0.7359608311222938,False,LOW
img-194.jpg,1,0,1,0,medium_pothole,1.9412556750948289,0.6838338913688932,False,MEDIUM
img-195.jpg,2,0,2,0,medium_pothole,2.100176689495814,0.4642275048938702,False,HIGH
img-196.jpg,3,1,2,0,medium_pothole,1.9384251262039616,0.4893484844796142,False,MEDIUM
img-197.jpg,3,1,2,0,medium_pothole,1.863396020156276,0.5490804446494565,False,MEDIUM
img-198.jpg,4,2,2,0,medium_pothole,1.948969526617286,0.5085619260223327,False,MEDIUM
img-199.jpg,2,1,1,0,medium_pothole,1.989463104735128,0.5129902066866978,False,MEDIUM
img-2.jpg,3,2,1,0,medium_pothole,1.722807716892795,0.531154159256543,False,MEDIUM
img-20.jpg,3,2,1,0,medium_pothole,1.868737535799713,0.6354796944941775,False,MEDIUM
img-200.jpg,4,4,0,0,minor_pothole,1.5577315076151046,0.5325278396588954,False,MEDIUM
img-201.jpg,1,0,1,0,medium_pothole,2.107459860863952,0.6778994719027496,False,HIGH
img-202.jpg,7,7,0,0,minor_pothole,1.5504320426569764,0.5121480657576859,False,MEDIUM
img-203.jpg,3,1,2,0,medium_pothole,1.968835797801272,0.6511712184062353,False,MEDIUM
img-204.jpg,2,0,2,0,medium_pothole,1.9017926741164464,0.6834818292438247,False,MEDIUM
img-205.jpg,2,0,2,0,medium_pothole,2.125467587456139,0.6853587565785106,False,HIGH
img-206.jpg,2,1,1,0,medium_pothole,2.109956426134295,0.4666810287254992,False,HIGH
img-207.jpg,2,0,2,0,medium_pothole,2.0438359227655725,0.6618760895030672,False,HIGH
img-208.jpg,3,0,3,0,medium_pothole,1.884308551327276,0.6430659178329363,False,MEDIUM
img-209.jpg,1,0,1,0,medium_pothole,2.02852759406725,0.6485475337542205,False,HIGH
img-21.jpg,2,0,2,0,medium_pothole,1.9512471917099696,0.644399858379621,False,MEDIUM
img-210.jpg,2,1,1,0,medium_pothole,2.1505482837658088,0.5051934343324465,False,HIGH
img-211.jpg,1,0,1,0,medium_pothole,2.122235759688172,0.6893329720708317,False,HIGH
img-212.jpg,1,0,1,0,medium_pothole,1.99279083624372,0.6487668175089265,False,MEDIUM
img-213.jpg,1,0,1,0,medium_pothole,2.0757307814421573,0.6614813694436329,False,HIGH
img-214.jpg,1,0,1,0,medium_pothole,1.81381791818418,0.6269915079674848,False,MEDIUM
img-215.jpg,1,0,1,0,medium_pothole,1.9037003496158045,0.6846390322539821,False,MEDIUM
img-216.jpg,3,1,2,0,medium_pothole,1.826326903012734,0.4922661488411339,False,MEDIUM
img-217.jpg,2,2,0,0,minor_pothole,1.5486481143624051,0.5187808248099745,False,MEDIUM
img-218.jpg,2,1,1,0,medium_pothole,1.9037003496158045,0.6846390322539821,False,MEDIUM
img-219.jpg,1,0,1,0,medium_pothole,2.1144066591253745,0.7063168962209668,False,HIGH
img-22.jpg,1,0,1,0,medium_pothole,1.9514537953137416,0.633944155336258,False,MEDIUM
img-220.jpg,2,0,2,0,medium_pothole,2.109614452034577,0.509365824597893,False,HIGH
img-221.jpg,2,2,0,0,minor_pothole,1.6113566960827848,0.4757852383192638,False,MEDIUM
img-222.jpg,1,0,1,0,medium_pothole,1.9771374651101803,0.650694516378191,False,MEDIUM
img-223.jpg,1,0,1,0,medium_pothole,1.667293940092527,0.516320334031239,False,MEDIUM
img-224.jpg,1,0,1,0,medium_pothole,1.984600642989692,0.6547733281744406,False,MEDIUM
img-225.jpg,4,4,0,0,minor_pothole,1.498958396948735,0.5565058030524934,False,MEDIUM
img-226.jpg,1,0,1,0,medium_pothole,2.079569208934491,0.6682845766838126,False,HIGH
img-227.jpg,2,0,1,1,major_pothole,2.601792834109837,0.6882049356730178,False,CRITICAL
img-228.jpg,1,0,1,0,medium_pothole,2.077138434992058,0.6620539978435612,False,HIGH
img-229.jpg,3,1,2,0,medium_pothole,1.8524424933771968,0.5951593391068586,False,MEDIUM
img-23.jpg,5,3,2,0,medium_pothole,2.206502570128111,0.4921018862203418,False,HIGH
img-230.jpg,3,2,1,0,medium_pothole,1.957607742924427,0.5987808716066452,False,MEDIUM
img-231.jpg,2,1,1,0,medium_pothole,2.068503577883753,0.6417484003354975,False,HIGH
img-232.jpg,4,3,1,0,medium_pothole,1.916893689870108,0.6658683267453308,False,MEDIUM
img-233.jpg,2,1,1,0,medium_pothole,1.949293783166112,0.6743542710464474,False,MEDIUM
img-234.jpg,1,1,0,0,minor_pothole,1.5006030654621427,0.5781512799305907,False,MEDIUM
img-235.jpg,1,0,1,0,medium_pothole,1.9564480316435429,0.639294055001676,False,MEDIUM
img-236.jpg,3,1,2,0,medium_pothole,2.0590008565952527,0.5914009790868893,False,HIGH
img-237.jpg,5,4,1,0,medium_pothole,2.10476527982083,0.5070314373088778,False,HIGH
img-238.jpg,1,0,1,0,medium_pothole,2.073671577592398,0.6982097140678062,False,HIGH
img-239.jpg,1,0,1,0,medium_pothole,1.9689232119037752,0.6774803944941463,False,MEDIUM
img-24.jpg,2,1,1,0,medium_pothole,1.7419599591982553,0.5657731365620657,False,MEDIUM
img-240.jpg,4,3,1,0,medium_pothole,1.9525453467113985,0.4944306417637615,False,MEDIUM
img-241.jpg,7,3,4,0,medium_pothole,1.914686954033077,0.4770473922084524,False,MEDIUM
img-242.jpg,1,0,1,0,medium_pothole,2.1044136377703007,0.6863400597531617,False,HIGH
img-243.jpg,1,0,1,0,medium_pothole,1.877807449461472,0.6425802616409582,False,MEDIUM
img-244.jpg,2,0,2,0,medium_pothole,2.057007336232336,0.6050441243898707,False,HIGH
img-245.jpg,2,1,1,0,medium_pothole,1.8528223826841812,0.5650844949365516,False,MEDIUM
img-246.jpg,2,0,2,0,medium_pothole,2.0453310139079086,0.6454830701960811,False,HIGH
img-247.jpg,1,0,1,0,medium_pothole,1.9070930421582368,0.6799003420992981,False,MEDIUM
img-248.jpg,3,2,1,0,medium_pothole,2.1413514245471967,0.5686144460272556,False,HIGH
img-249.jpg,1,0,1,0,medium_pothole,2.1007177564766923,0.6748259131112607,False,HIGH
img-25.jpg,1,0,1,0,medium_pothole,2.06678439891086,0.6693100083838296,False,HIGH
img-250.jpg,1,0,1,0,medium_pothole,2.1108918446483296,0.6686014412893305,False,HIGH
img-251.jpg,1,0,1,0,medium_pothole,2.048332008601541,0.6604812900810035,False,HIGH
img-252.jpg,3,1,2,0,medium_pothole,1.8999660638075364,0.5782185842516726,False,MEDIUM
img-253.jpg,1,0,1,0,medium_pothole,2.148079349190107,0.7250022212972872,False,HIGH
img-254.jpg,1,0,1,0,medium_pothole,2.050891875071095,0.6701909342017992,False,HIGH
img-255.jpg,1,1,0,0,minor_pothole,1.5195616111037142,0.5761612134333304,False,MEDIUM
img-256.jpg,2,1,1,0,medium_pothole,1.9064663404573887,0.5428439557949281,False,MEDIUM
img-257.jpg,2,1,1,0,medium_pothole,1.8997568416712556,0.6677050704406305,False,MEDIUM
img-258.jpg,1,0,1,0,medium_pothole,1.9080762488253893,0.6738723504525511,False,MEDIUM
img-259.jpg,2,1,1,0,medium_pothole,2.0078971908052674,0.6526744488141734,False,HIGH
img-26.jpg,2,1,1,0,medium_pothole,1.8070726261369476,0.6206964612338055,False,MEDIUM
img-260.jpg,1,0,1,0,medium_pothole,1.9908511641348667,0.6961705510528218,False,MEDIUM
img-261.jpg,1,0,1,0,medium_pothole,2.1023557187570368,0.6844633695874137,False,HIGH
img-262.jpg,1,1,0,0,minor_pothole,1.4822597614235835,0.589083685386751,False,MEDIUM
img-263.jpg,1,0,1,0,medium_pothole,1.9449459163086504,0.6850085135169799,False,MEDIUM
img-264.jpg,1,0,1,0,medium_pothole,2.118185588971039,0.6860210406887253,False,HIGH
img-265.jpg,3,1,2,0,medium_pothole,1.993691114582901,0.6130961404404007,False,MEDIUM
img-266.jpg,2,1,1,0,medium_pothole,2.046739722289926,0.6608185987312902,False,HIGH
img-267.jpg,4,2,2,0,medium_pothole,1.933156228948678,0.5951350138224154,False,MEDIUM
img-268.jpg,1,0,1,0,medium_pothole,2.085659398755233,0.6667994284759902,False,HIGH
img-269.jpg,2,1,1,0,medium_pothole,1.657805179189747,0.5079797005512066,False,MEDIUM
img-27.jpg,1,1,0,0,minor_pothole,1.431450603263702,0.6342742723699104,False,MEDIUM
img-270.jpg,2,1,1,0,medium_pothole,1.7177093919921758,0.5294819493899678,False,MEDIUM
img-271.jpg,1,0,1,0,medium_pothole,2.1524369863442416,0.6823530541143216,False,HIGH
img-272.jpg,2,1,1,0,medium_pothole,1.926153435409463,0.4779411585988914,False,MEDIUM
img-273.jpg,2,1,1,0,medium_pothole,2.3153925609330788,0.4789434747989274,False,HIGH
img-274.jpg,3,1,2,0,medium_pothole,1.9204490729964283,0.4549040955445551,False,MEDIUM
img-275.jpg,1,0,1,0,medium_pothole,2.1272602720619957,0.6923122863446376,False,HIGH
img-276.jpg,1,0,1,0,medium_pothole,2.029146952681874,0.6516839719688973,False,HIGH
img-277.jpg,1,1,0,0,minor_pothole,1.6304312107512713,0.4624064842284813,False,MEDIUM
img-278.jpg,2,1,1,0,medium_pothole,1.6219503274455689,0.489300646722694,False,MEDIUM
img-279.jpg,1,0,1,0,medium_pothole,1.8225971411593116,0.6407500295193056,False,MEDIUM
img-28.jpg,4,3,1,0,medium_pothole,1.8864354688010283,0.6778757095231318,False,MEDIUM
img-280.jpg,1,0,1,0,medium_pothole,1.966900794132924,0.664942443946814,False,MEDIUM
img-281.jpg,1,0,1,0,medium_pothole,2.1893223910571558,0.6522698767341394,False,HIGH
img-282.jpg,2,1,1,0,medium_pothole,1.879454291876312,0.6292059302440861,False,MEDIUM
img-283.jpg,3,2,1,0,medium_pothole,1.97366116285934,0.6653260246487144,False,MEDIUM
img-284.jpg,2,0,2,0,medium_pothole,1.96446705522442,0.6082569641450475,False,MEDIUM
img-285.jpg,1,0,1,0,medium_pothole,2.050555992320043,0.6526518412802268,False,HIGH
img-286.jpg,3,0,3,0,medium_pothole,2.359558506213003,0.5203957215547305,False,HIGH
img-287.jpg,1,0,0,1,major_pothole,2.692511586229956,0.7737615160039472,False,CRITICAL
img-288.jpg,5,0,4,1,major_pothole,2.4212418266026527,0.4910981198166992,False,HIGH
img-289.jpg,1,0,0,1,major_pothole,2.434494460761696,0.5349950569339568,False,HIGH
img-29.jpg,2,1,1,0,medium_pothole,1.8286411978735289,0.6341849562823105,False,MEDIUM
img-290.jpg,1,0,0,1,major_pothole,2.6216314054678818,0.7117655658057999,False,CRITICAL
img-291.jpg,1,0,0,1,major_pothole,2.751786780924034,0.7786883879212887,False,CRITICAL
img-292.jpg,3,0,2,1,major_pothole,2.6566792529099947,0.6062580451963822,False,CRITICAL
img-293.jpg,4,0,3,1,major_pothole,2.4805793044231463,0.5290727837373098,False,HIGH
img-294.jpg,4,0,4,0,medium_pothole,2.164949758782349,0.5973072572394856,False,HIGH
img-295.jpg,1,0,0,1,major_pothole,2.656567810810772,0.7264710669023083,False,CRITICAL
img-296.jpg,1,0,0,1,major_pothole,2.550289938041622,0.6755716970067299,False,HIGH
img-297.jpg,5,0,3,2,major_pothole,2.73589836746784,0.6329236461708196,False,CRITICAL
img-298.jpg,2,0,1,1,major_pothole,2.539809631068498,0.5885239791321303,False,HIGH
img-299.jpg,3,0,0,3,major_pothole,2.763300261260904,0.6219829286249221,False,CRITICAL
img-3.jpg,1,0,1,0,medium_pothole,2.069914460544217,0.659150040100658,False,HIGH
img-30.jpg,3,2,1,0,medium_pothole,2.0065811270961427,0.6442227653427972,False,HIGH
img-300.jpg,4,0,1,3,major_pothole,2.7655786588559184,0.6318933440981536,False,CRITICAL
img-301.jpg,5,0,3,2,major_pothole,2.64574243026238,0.5007142824067095,False,CRITICAL
img-302.jpg,1,0,0,1,major_pothole,2.7236460425728968,0.7528178236875683,False,CRITICAL
img-303.jpg,2,0,1,1,major_pothole,2.7343920705762748,0.5987000851338811,False,CRITICAL
img-304.jpg,2,0,0,2,major_pothole,2.749748882490064,0.7697629358180544,False,CRITICAL
img-305.jpg,2,0,1,1,major_pothole,2.4028524032993723,0.4797129204917781,False,HIGH
img-306.jpg,2,0,0,2,major_pothole,2.7701876601327364,0.6864031498390427,False,CRITICAL
img-307.jpg,1,0,0,1,major_pothole,2.5887333689567247,0.6982440724524819,False,HIGH
img-308.jpg,1,0,1,0,medium_pothole,2.383419294639843,0.5008362931976817,False,HIGH
img-309.jpg,1,0,0,1,major_pothole,2.6333839212774355,0.7222807614220446,False,CRITICAL
img-31.jpg,1,0,1,0,medium_pothole,1.9460303211166503,0.682611086834183,False,MEDIUM
img-310.jpg,3,0,1,2,major_pothole,2.73234425908967,0.5046956892854481,False,CRITICAL
img-311.jpg,1,0,0,1,major_pothole,2.725637711290056,0.8019432705206943,False,CRITICAL
img-312.jpg,1,0,0,1,major_pothole,2.563495577902627,0.6430714092345564,False,HIGH
img-313.jpg,2,0,1,1,major_pothole,2.63990629574918,0.6685510044545048,False,CRITICAL
img-314.jpg,1,0,0,1,major_pothole,2.791242954033181,0.8088329190163904,False,CRITICAL
img-315.jpg,5,0,4,1,major_pothole,2.6814410741445505,0.6369374509949718,False,CRITICAL
img-316.jpg,1,0,0,1,major_pothole,2.749091856450943,0.7696857315379673,False,CRITICAL
img-317.jpg,1,0,0,1,major_pothole,2.6705556030144098,0.737294361274063,False,CRITICAL
img-318.jpg,1,0,0,1,major_pothole,2.703943669290546,0.7433102019921649,False,CRITICAL
img-319.jpg,1,0,0,1,major_pothole,2.71962932821234,0.7755260907740297,False,CRITICAL
img-32.jpg,2,0,2,0,medium_pothole,2.0931733533076797,0.485846745591253,False,HIGH
img-320.jpg,2,0,1,1,major_pothole,2.621823922379462,0.5689234756339976,False,CRITICAL
img-321.jpg,1,0,0,1,major_pothole,2.7420031992623755,0.7931743678874067,False,CRITICAL
img-322.jpg,1,0,0,1,major_pothole,2.6469446374920573,0.7283303920847561,False,CRITICAL
img-323.jpg,5,0,2,3,major_pothole,2.7019233944855774,0.5519741381812208,False,CRITICAL
img-324.jpg,1,0,0,1,major_pothole,2.735675748993996,0.7660317664163891,False,CRITICAL
img-325.jpg,6,0,5,1,major_pothole,2.4821736079313483,0.5236471229005966,False,HIGH
img-326.jpg,1,0,0,1,major_pothole,2.755138143194151,0.7750556648536825,False,CRITICAL
img-327.jpg,2,0,0,2,major_pothole,2.702400521280861,0.478309259066264,False,CRITICAL
img-328.jpg,4,0,3,1,major_pothole,2.675525019985812,0.6549189072631092,False,CRITICAL
img-329.jpg,6,0,6,0,medium_pothole,2.371058514708324,0.4577241948145759,False,HIGH
img-33.jpg,2,1,1,0,medium_pothole,1.8422861333602405,0.515847635271157,False,MEDIUM
img-330.jpg,2,0,0,2,major_pothole,2.689351254008482,0.7108706924922807,False,CRITICAL
img-331.jpg,13,0,12,1,major_pothole,2.44692465852967,0.4976403361958505,False,HIGH
img-332.jpg,5,0,2,3,major_pothole,2.714514224817404,0.5483835210941528,False,CRITICAL
img-333.jpg,4,0,3,1,major_pothole,2.574513567828771,0.6213204138402038,False,HIGH
img-334.jpg,4,0,2,2,major_pothole,2.7475023550015862,0.6267431381793879,False,CRITICAL
img-335.jpg,5,0,3,2,major_pothole,2.688143983460169,0.5673656600261583,False,CRITICAL
img-336.jpg,3,0,2,1,major_pothole,2.7550393411130414,0.6411823120893558,False,CRITICAL
img-337.jpg,1,0,0,1,major_pothole,2.6687252823128635,0.7430173525365571,False,CRITICAL
img-34.jpg,1,0,0,1,major_pothole,2.773821628985636,0.8133193605299938,False,CRITICAL
img-340.jpg,2,0,0,2,major_pothole,2.723944246247615,0.7676192297409646,False,CRITICAL
img-341.jpg,3,0,2,1,major_pothole,2.68342330938608,0.6323875257169654,False,CRITICAL
img-342.jpg,1,0,0,1,major_pothole,2.6475487084943103,0.7196122012672792,False,CRITICAL
img-343.jpg,1,0,0,1,major_pothole,2.6773850443752183,0.7678726582690844,False,CRITICAL
img-344.jpg,5,0,2,3,major_pothole,2.6824922723596254,0.4959163445281614,False,CRITICAL
img-345.jpg,2,0,1,1,major_pothole,2.68796386432621,0.5263698343524283,False,CRITICAL
img-346.jpg,4,0,3,1,major_pothole,2.6824127332214203,0.6804134906585948,False,CRITICAL
img-347.jpg,1,0,0,1,major_pothole,2.6920551771666243,0.7507439385381421,False,CRITICAL
img-348.jpg,1,0,0,1,major_pothole,2.5938247535738133,0.7083991878682055,False,HIGH
img-35.jpg,1,0,1,0,medium_pothole,1.6585742154152514,0.4667741463978012,False,MEDIUM
img-350.jpg,5,0,2,3,major_pothole,2.7353871696746173,0.5696372964237496,False,CRITICAL
img-351.jpg,1,0,0,1,major_pothole,2.753192543538425,0.8283000909036132,False,CRITICAL
img-352.jpg,2,0,1,1,major_pothole,2.684361346762272,0.6629544059614019,False,CRITICAL
img-353.jpg,3,0,3,0,medium_pothole,2.073354166224863,0.6649777271830695,False,HIGH
img-354.jpg,5,0,5,0,medium_pothole,2.3888654183387144,0.472089613552457,False,HIGH
img-355.jpg,1,0,1,0,medium_pothole,1.8799355663789536,0.6133127369876601,False,MEDIUM
img-356.jpg,1,0,0,1,major_pothole,2.627648542184692,0.6896699047571637,False,CRITICAL
img-357.jpg,1,0,0,1,major_pothole,2.6903147225446027,0.740284062671427,False,CRITICAL
img-358.jpg,2,0,1,1,major_pothole,2.7208861539040705,0.5518302140196547,False,CRITICAL
img-359.jpg,3,0,1,2,major_pothole,2.678248368126229,0.6452873335113438,False,CRITICAL
img-36.jpg,1,0,1,0,medium_pothole,1.9048057028456165,0.6844250568293475,False,MEDIUM
img-360.jpg,7,0,5,2,major_pothole,2.502905669229708,0.4968699147603106,False,HIGH
img-361.jpg,1,0,0,1,major_pothole,2.755660171066241,0.7825604058362353,False,CRITICAL
img-362.jpg,2,0,0,2,major_pothole,2.63879636851384,0.5249651080188383,False,CRITICAL
img-363.jpg,1,0,0,1,major_pothole,2.785199037866799,0.8060134396554143,False,CRITICAL
img-364.jpg,1,0,0,1,major_pothole,2.701896020764305,0.7492677511814064,False,CRITICAL
img-365.jpg,4,0,1,3,major_pothole,2.769704508367059,0.6484334235956875,False,CRITICAL
img-366.jpg,1,0,0,1,major_pothole,2.6850236533049103,0.7339634412976854,False,CRITICAL
img-367.jpg,1,0,0,1,major_pothole,2.673931061061784,0.7225776684774329,False,CRITICAL
img-368.jpg,5,0,5,0,medium_pothole,2.336877993098908,0.5013839606588217,False,HIGH
img-369.jpg,1,0,0,1,major_pothole,2.6685610054635243,0.7644666107961942,False,CRITICAL
img-37.jpg,3,1,2,0,medium_pothole,1.921930563748985,0.6246580243598253,False,MEDIUM
img-370.jpg,1,0,0,1,major_pothole,2.61826740347015,0.7160711699451254,False,CRITICAL
img-371.jpg,1,0,1,0,medium_pothole,2.3570293351175367,0.4663906041165657,False,HIGH
img-372.jpg,1,0,0,1,major_pothole,2.663405643915185,0.7340897728079995,False,CRITICAL
img-373.jpg,1,0,0,1,major_pothole,2.7381412945640786,0.7640572572618527,False,CRITICAL
img-374.jpg,3,0,1,2,major_pothole,2.7122565776805057,0.6372926345526356,False,CRITICAL
img-375.jpg,2,0,2,0,medium_pothole,2.3325899090372206,0.5279061321468479,False,HIGH
img-376.jpg,2,0,2,0,medium_pothole,2.153548175116664,0.6280633649327708,False,HIGH
img-377.jpg,2,0,1,1,major_pothole,2.7411941145376724,0.5833239243498716,False,CRITICAL
img-378.jpg,1,0,0,1,major_pothole,2.688861365201077,0.7437463723179081,False,CRITICAL
img-379.jpg,1,0,0,1,major_pothole,2.743875355497675,0.7872910848772742,False,CRITICAL
img-38.jpg,2,1,1,0,medium_pothole,2.0718911960894206,0.6615191931794212,False,HIGH
img-380.jpg,1,0,0,1,major_pothole,2.7219437258352714,0.7983570226381026,False,CRITICAL
img-381.jpg,1,0,0,1,major_pothole,2.7603552821371684,0.7870205961141216,False,CRITICAL
img-382.jpg,3,0,0,3,major_pothole,2.700515719719097,0.6213451767138065,False,CRITICAL
img-383.jpg,7,0,6,1,major_pothole,2.71146243010321,0.6529883183015971,False,CRITICAL
img-384.jpg,2,0,0,2,major_pothole,2.747918928080048,0.6432591800787822,False,CRITICAL
img-385.jpg,1,0,0,1,major_pothole,2.733058420188779,0.8132192347295198,False,CRITICAL
img-386.jpg,1,0,0,1,major_pothole,2.753769932162513,0.8254244087501273,False,CRITICAL
img-387.jpg,2,0,1,1,major_pothole,2.7127131082495715,0.6622502988353066,False,CRITICAL
img-388.jpg,2,0,2,0,medium_pothole,2.2821992656712577,0.5638003430605686,False,HIGH
img-39.jpg,1,0,1,0,medium_pothole,1.8929669005570415,0.6503771747397338,False,MEDIUM
img-390.jpg,1,0,0,1,major_pothole,2.6349613648365398,0.7347247445765457,False,CRITICAL
img-391.jpg,5,0,4,1,major_pothole,2.684129202268899,0.6129472387004399,False,CRITICAL
img-393.jpg,2,0,0,2,major_pothole,2.6675890269572173,0.67228989330442,False,CRITICAL
img-394.jpg,2,0,0,2,major_pothole,2.724248910515027,0.7046704572382679,False,CRITICAL
img-395.jpg,3,0,2,1,major_pothole,2.434179341127732,0.4922995207192868,False,HIGH
img-396.jpg,1,0,0,1,major_pothole,2.6826559792048927,0.7832803020189082,False,CRITICAL
img-397.jpg,3,0,3,0,medium_pothole,2.340439776006453,0.4877179619188319,False,HIGH
img-398.jpg,1,0,0,1,major_pothole,2.5933260110696827,0.7084422339832368,False,HIGH
img-399.jpg,14,0,10,4,major_pothole,2.6859990246028334,0.4857590292340084,False,CRITICAL
img-4.jpg,1,0,1,0,medium_pothole,2.079201864311327,0.6962312683551367,False,HIGH
img-40.jpg,1,0,1,0,medium_pothole,2.025852351264119,0.6520873527330815,False,HIGH
img-400.jpg,1,0,0,1,major_pothole,2.6798678365204447,0.7557255908150333,False,CRITICAL
img-401.jpg,1,0,0,1,major_pothole,2.7291016366917598,0.7689168607428225,False,CRITICAL
img-402.jpg,1,0,0,1,major_pothole,2.706385446211078,0.7490614678011027,False,CRITICAL
img-403.jpg,1,0,0,1,major_pothole,2.7518483964674263,0.7799720915085537,False,CRITICAL
img-404.jpg,3,0,2,1,major_pothole,2.747861699538361,0.6363912266772775,False,CRITICAL
img-405.jpg,8,0,4,4,major_pothole,2.6693998608863634,0.559018941313716,False,CRITICAL
img-406.jpg,1,0,0,1,major_pothole,2.717296439013205,0.8018384140859283,False,CRITICAL
img-407.jpg,9,0,8,1,major_pothole,2.608889869309058,0.5231562107153133,False,CRITICAL
img-408.jpg,3,0,2,1,major_pothole,2.659730199125938,0.6332012187732274,False,CRITICAL
img-409.jpg,3,0,2,1,major_pothole,2.684010926132973,0.5020544256099186,False,CRITICAL
img-41.jpg,2,0,2,0,medium_pothole,2.169396375759515,0.6504962539911299,False,HIGH
img-410.jpg,1,0,0,1,major_pothole,2.757177640004607,0.7801950888760266,False,CRITICAL
img-411.jpg,13,0,13,0,medium_pothole,2.401559569803116,0.4743954401716452,False,HIGH
img-412.jpg,2,0,1,1,major_pothole,2.7013815161582357,0.6400647176124545,False,CRITICAL
img-413.jpg,3,0,1,2,major_pothole,2.4582321761435018,0.5283567523961027,False,HIGH
img-414.jpg,1,0,0,1,major_pothole,2.694594768861496,0.7371918538147035,False,CRITICAL
img-415.jpg,2,0,1,1,major_pothole,2.549826981047617,0.5921653058656569,False,HIGH
img-416.jpg,2,0,1,1,major_pothole,2.696265075797952,0.4808420187989965,False,CRITICAL
img-417.jpg,1,0,0,1,major_pothole,2.6761626944446544,0.7296603666416117,False,CRITICAL
img-418.jpg,7,0,7,0,medium_pothole,2.2755179578684,0.5667901417054635,False,HIGH
img-419.jpg,2,0,0,2,major_pothole,2.840627667051377,0.7790256103377361,False,CRITICAL
img-42.jpg,2,0,2,0,medium_pothole,2.1348385452881296,0.5168364030031948,False,HIGH
img-420.jpg,1,0,0,1,major_pothole,2.7326866337912605,0.763787739615722,False,CRITICAL
img-421.jpg,4,0,3,1,major_pothole,2.48954099015438,0.5549567404522311,False,HIGH
img-422.jpg,1,0,0,1,major_pothole,2.6418484435778318,0.7070744178035862,False,CRITICAL
img-423.jpg,1,0,0,1,major_pothole,2.688571136297921,0.7547542178484011,False,CRITICAL
img-424.jpg,1,0,0,1,major_pothole,2.643153547446808,0.7138085246053386,False,CRITICAL
img-425.jpg,2,0,0,2,major_pothole,2.7512112614827715,0.7367042874650341,False,CRITICAL
img-426.jpg,1,0,0,1,major_pothole,2.7906518412839065,0.8533167716682464,False,CRITICAL
img-427.jpg,1,0,0,1,major_pothole,2.792846557955734,0.8291271172493658,False,CRITICAL
img-428.jpg,6,0,5,1,major_pothole,2.585553216500448,0.6249009603362596,False,HIGH
img-429.jpg,2,0,0,2,major_pothole,2.6769547952162176,0.7078370358398599,False,CRITICAL
img-43.jpg,3,1,2,0,medium_pothole,2.1106955220623136,0.638117907307287,False,HIGH
img-430.jpg,2,0,1,1,major_pothole,2.696854754816582,0.6686439004142676,False,CRITICAL
img-431.jpg,4,0,2,2,major_pothole,2.723680577919004,0.4785657545589685,False,CRITICAL
img-432.jpg,1,0,0,1,major_pothole,2.7382464118914185,0.763358945695526,False,CRITICAL
img-433.jpg,2,0,0,2,major_pothole,2.682501868502161,0.6307952522865343,False,CRITICAL
img-434.jpg,1,0,0,1,major_pothole,2.7313262133718816,0.760989681224579,False,CRITICAL
img-435.jpg,1,0,0,1,major_pothole,2.652926562800649,0.7286352403809438,False,CRITICAL
img-436.jpg,7,0,6,1,major_pothole,2.682135752989612,0.5938170615259292,False,CRITICAL
img-437.jpg,1,0,0,1,major_pothole,2.6344580998088403,0.7243741358430691,False,CRITICAL
img-438.jpg,1,0,0,1,major_pothole,2.6200760033189248,0.6679302948667957,False,CRITICAL
img-439.jpg,3,0,1,2,major_pothole,2.6859056369420884,0.4802363834970481,False,CRITICAL
img-44.jpg,2,1,1,0,medium_pothole,1.7549265186454226,0.5591996554117444,False,MEDIUM
img-440.jpg,1,0,0,1,major_pothole,2.693491196358967,0.7824512667306197,False,CRITICAL
img-441.jpg,3,0,2,1,major_pothole,2.688662914440504,0.6299289228177585,False,CRITICAL
img-442.jpg,1,0,0,1,major_pothole,2.504629820439905,0.5618057593927425,False,HIGH
img-443.jpg,5,0,2,3,major_pothole,2.6760394203103184,0.498097284782255,False,CRITICAL
img-444.jpg,8,0,7,1,major_pothole,2.6388062552448344,0.621310377094362,False,CRITICAL
img-445.jpg,2,0,1,1,major_pothole,2.7500975847928038,0.6444556581619624,False,CRITICAL
img-446.jpg,8,0,7,1,major_pothole,2.669636229974184,0.6453488170183772,False,CRITICAL
img-447.jpg,1,0,0,1,major_pothole,2.761258816925727,0.7825960413890828,False,CRITICAL
img-448.jpg,3,0,1,2,major_pothole,2.713583960925508,0.6636891699593345,False,CRITICAL
img-449.jpg,4,0,2,2,major_pothole,2.672133378083279,0.4831673651583348,False,CRITICAL
img-45.jpg,1,0,1,0,medium_pothole,1.8333479245903677,0.6217563709110377,False,MEDIUM
img-450.jpg,1,0,0,1,major_pothole,2.700991119476838,0.7553508575012293,False,CRITICAL
img-451.jpg,3,0,2,1,major_pothole,2.480729592135817,0.5426555554971109,False,HIGH
img-452.jpg,1,0,0,1,major_pothole,2.7505072317929256,0.822794695919007,False,CRITICAL
img-453.jpg,1,0,0,1,major_pothole,2.712913351957922,0.75455352123732,False,CRITICAL
img-454.jpg,4,0,2,2,major_pothole,2.7380255397179045,0.652744225278291,False,CRITICAL
img-455.jpg,1,0,1,0,medium_pothole,2.033537579569024,0.639506009347996,False,HIGH
img-456.jpg,1,0,0,1,major_pothole,2.702144268245459,0.7413311243372258,False,CRITICAL
img-457.jpg,3,0,2,1,major_pothole,2.7588745137263437,0.6590529223842031,False,CRITICAL
img-458.jpg,1,0,0,1,major_pothole,2.713056223667237,0.7556264661350985,False,CRITICAL
img-459.jpg,2,0,0,2,major_pothole,2.679648918189939,0.675936417975195,False,CRITICAL
img-46.jpg,1,0,1,0,medium_pothole,1.9516910542497805,0.6841386335937021,False,MEDIUM
img-460.jpg,2,0,0,2,major_pothole,2.732512086715144,0.756512501563597,False,CRITICAL
img-461.jpg,1,0,1,0,medium_pothole,2.3269282528064923,0.5254866723684447,False,HIGH
img-462.jpg,1,0,0,1,major_pothole,2.638915049825351,0.687214643885302,False,CRITICAL
img-463.jpg,1,0,0,1,major_pothole,2.7653122992343184,0.7989989710939965,False,CRITICAL
img-464.jpg,1,0,0,1,major_pothole,2.779530930716504,0.8244779785945765,False,CRITICAL
img-465.jpg,3,0,0,3,major_pothole,2.7412054110076176,0.540027483717366,False,CRITICAL
img-466.jpg,1,0,0,1,major_pothole,2.6491758891007526,0.6852553761780458,False,CRITICAL
img-467.jpg,1,0,0,1,major_pothole,2.7733999638963085,0.8288325206207513,False,CRITICAL
img-468.jpg,1,0,0,1,major_pothole,2.707366694523504,0.7481124202025646,False,CRITICAL
img-469.jpg,3,0,2,1,major_pothole,2.652198074344235,0.5580347972125865,False,CRITICAL
img-47.jpg,1,0,1,0,medium_pothole,2.0181689398743177,0.665235268077429,False,HIGH
img-470.jpg,1,0,0,1,major_pothole,2.618257089203344,0.6683066420781303,False,CRITICAL
img-471.jpg,18,0,18,0,medium_pothole,2.3233783252011992,0.5332128658765967,False,HIGH
img-472.jpg,1,0,0,1,major_pothole,2.7360893218855296,0.7661401030974847,False,CRITICAL
img-473.jpg,1,0,0,1,major_pothole,2.7454484494293734,0.7795206377669128,False,CRITICAL
img-474.jpg,3,0,2,1,major_pothole,2.6284066790913,0.6398312222038005,False,CRITICAL
img-475.jpg,1,0,0,1,major_pothole,2.737459045437453,0.8172491815819892,False,CRITICAL
img-476.jpg,4,0,4,0,medium_pothole,2.114545804229756,0.6397736710961303,False,HIGH
img-477.jpg,3,0,1,2,major_pothole,2.6987398692944087,0.550179977819443,False,CRITICAL
img-478.jpg,2,0,1,1,major_pothole,2.7318830841143678,0.6632704290827761,False,CRITICAL
img-48.jpg,2,1,1,0,medium_pothole,1.9849529094160152,0.658302095641031,False,MEDIUM
img-482.jpg,4,0,2,2,major_pothole,2.765138999078224,0.6269633039743043,False,CRITICAL
img-483.jpg,1,0,0,1,major_pothole,2.6768341437098964,0.7593700419200676,False,CRITICAL
img-484.jpg,5,0,2,3,major_pothole,2.71568895522463,0.6138808454096827,False,CRITICAL
img-485.jpg,1,0,0,1,major_pothole,2.7115807620638885,0.7521703724515956,False,CRITICAL
img-486.jpg,6,0,3,3,major_pothole,2.640716821647868,0.5164706171344602,False,CRITICAL
img-487.jpg,2,0,0,2,major_pothole,2.6963583334239813,0.7279438433728275,False,CRITICAL
img-488.jpg,2,0,1,1,major_pothole,2.739697505513534,0.6904494811538165,False,CRITICAL
img-489.jpg,2,0,1,1,major_pothole,2.790294520980058,0.6654462977042633,False,CRITICAL
img-49.jpg,2,1,1,0,medium_pothole,2.0944130702595603,0.4783513341746636,False,HIGH
img-490.jpg,4,0,1,3,major_pothole,2.590190642033667,0.5374143588227325,False,HIGH
img-491.jpg,2,0,0,2,major_pothole,2.703166070928173,0.7315371929380573,False,CRITICAL
img-492.jpg,5,0,3,2,major_pothole,2.6921158556689893,0.5469075635827402,False,CRITICAL
img-493.jpg,16,0,16,0,medium_pothole,2.050218104993814,0.6115750946148519,False,HIGH
img-494.jpg,4,0,3,1,major_pothole,2.7577760091616774,0.6570825886282828,False,CRITICAL
img-495.jpg,1,0,0,1,major_pothole,2.7630041454330097,0.8345613330356758,False,CRITICAL
img-496.jpg,1,0,0,1,major_pothole,2.6982330452798307,0.7917316050551035,False,CRITICAL
img-497.jpg,1,0,0,1,major_pothole,2.6808702892185496,0.7445776208462255,False,CRITICAL
img-498.jpg,5,0,4,1,major_pothole,2.4704876802258604,0.5255752591950302,False,HIGH
img-499.jpg,1,0,0,1,major_pothole,2.739455177883187,0.7725464309109953,False,CRITICAL
img-5.jpg,2,1,1,0,medium_pothole,2.066326205243371,0.7273525064344553,False,HIGH
img-50.jpg,1,1,0,0,minor_pothole,1.489501227244168,0.5939281248216858,False,MEDIUM
img-500.jpg,2,0,1,1,major_pothole,2.578116792085078,0.6116167955154611,False,HIGH
img-501.jpg,3,0,1,2,major_pothole,2.7266697849050217,0.6222682803302162,False,CRITICAL
img-502.jpg,6,0,3,3,major_pothole,2.73937182577306,0.6403281266094168,False,CRITICAL
img-503.jpg,1,0,0,1,major_pothole,2.654518094150928,0.7253709559877218,False,CRITICAL
img-504.jpg,3,0,2,1,major_pothole,2.722343791671608,0.4989334364087635,False,CRITICAL
img-505.jpg,1,0,0,1,major_pothole,2.6593281572529834,0.7346507914803118,False,CRITICAL
img-506.jpg,1,0,0,1,major_pothole,2.733718363327315,0.7636760288629234,False,CRITICAL
img-507.jpg,7,0,0,7,major_pothole,2.7781277490326097,0.5008343583467773,False,CRITICAL
img-508.jpg,10,0,6,4,major_pothole,2.657270142019652,0.473970395097637,False,CRITICAL
img-509.jpg,9,0,5,4,major_pothole,2.754268220557611,0.5942416284286377,False,CRITICAL
img-51.jpg,2,1,1,0,medium_pothole,1.820776525776289,0.4772803590135054,False,MEDIUM
img-510.jpg,17,0,17,0,medium_pothole,2.2363598984674544,0.5518968062194959,False,HIGH
img-511.jpg,1,0,0,1,major_pothole,2.7411562502204734,0.7647441277896537,False,CRITICAL
img-512.jpg,5,0,3,2,major_pothole,2.695979002122189,0.5410994458248404,False,CRITICAL
img-513.jpg,1,0,0,1,major_pothole,2.714637789977582,0.7560558813503987,False,CRITICAL
img-514.jpg,6,0,5,1,major_pothole,2.68872189736172,0.6233387746219066,False,CRITICAL
img-515.jpg,1,0,0,1,major_pothole,2.7525130256253605,0.7728334779532448,False,CRITICAL
img-516.jpg,4,0,2,2,major_pothole,2.6586905766820554,0.6387469555227565,False,CRITICAL
img-517.jpg,2,0,1,1,major_pothole,2.7437601873761936,0.5106172025488909,False,CRITICAL
img-518.jpg,1,0,0,1,major_pothole,2.7516907665157126,0.7778425496028323,False,CRITICAL
img-519.jpg,8,0,6,2,major_pothole,2.775151369850475,0.5062299025149144,False,CRITICAL
img-52.jpg,2,1,1,0,medium_pothole,1.9412309862145205,0.6842984112135849,False,MEDIUM
img-520.jpg,1,0,0,1,major_pothole,2.768620757149839,0.8243417663489654,False,CRITICAL
img-521.jpg,1,0,0,1,major_pothole,2.6962462177353017,0.7451245252852787,False,CRITICAL
img-522.jpg,3,0,1,2,major_pothole,2.726940093718833,0.657790529315913,False,CRITICAL
img-523.jpg,2,0,1,1,major_pothole,2.694929128777677,0.6658445659995225,False,CRITICAL
img-524.jpg,5,0,3,2,major_pothole,2.6783927335702047,0.4682843242028855,False,CRITICAL
img-525.jpg,4,0,3,1,major_pothole,2.762767156761108,0.4741831960923914,False,CRITICAL
img-526.jpg,10,0,5,5,major_pothole,2.7644192068577302,0.5484667792172786,False,CRITICAL
img-527.jpg,1,0,0,1,major_pothole,2.7275330961601467,0.773585612196857,False,CRITICAL
img-528.jpg,1,0,0,1,major_pothole,2.7310794529285856,0.8117598638765361,False,CRITICAL
img-529.jpg,4,0,3,1,major_pothole,2.683801413548516,0.4746325439591443,False,CRITICAL
img-53.jpg,2,0,2,0,medium_pothole,2.093975772537616,0.5177493568688688,False,HIGH
img-530.jpg,8,0,2,6,major_pothole,2.710954714066593,0.4878910957823156,False,CRITICAL
img-531.jpg,9,0,7,2,major_pothole,2.720075929075312,0.550968300478311,False,CRITICAL
img-532.jpg,2,0,1,1,major_pothole,2.626766140001008,0.6201248520249986,False,CRITICAL
img-533.jpg,3,0,2,1,major_pothole,2.6283273528168127,0.645002716436118,False,CRITICAL
img-534.jpg,5,0,3,2,major_pothole,2.7670883886088653,0.5630207256420152,False,CRITICAL
img-535.jpg,5,0,3,2,major_pothole,2.7136824856482304,0.6406806906781023,False,CRITICAL
img-536.jpg,1,0,0,1,major_pothole,2.593224304175633,0.7084872255293703,False,HIGH
img-537.jpg,1,0,0,1,major_pothole,2.648757636534807,0.7519918453628986,False,CRITICAL
img-538.jpg,1,0,0,1,major_pothole,2.674693158024126,0.7356994186271276,False,CRITICAL
img-539.jpg,4,0,1,3,major_pothole,2.7380152582175303,0.5678014501995088,False,CRITICAL
img-54.jpg,1,0,1,0,medium_pothole,2.101051900066144,0.6744681754332702,False,HIGH
img-540.jpg,2,0,1,1,major_pothole,2.7694321716656294,0.6412481850298054,False,CRITICAL
img-541.jpg,1,0,0,1,major_pothole,2.759155495230455,0.7776204693880773,False,CRITICAL
img-542.jpg,2,0,0,2,major_pothole,2.648982880100323,0.6529905994535763,False,CRITICAL
img-543.jpg,2,0,0,2,major_pothole,2.827059408200202,0.7892597396435977,False,CRITICAL
img-544.jpg,2,0,1,1,major_pothole,2.7128110391369744,0.6224938433750176,False,CRITICAL
img-545.jpg,2,0,0,2,major_pothole,2.7330004062811746,0.6022746831980086,False,CRITICAL
img-546.jpg,1,0,0,1,major_pothole,2.7118558536586126,0.7608265640540607,False,CRITICAL
img-547.jpg,3,0,1,2,major_pothole,2.772822756663224,0.6239669970753456,False,CRITICAL
img-548.jpg,2,0,1,1,major_pothole,2.6779451435269483,0.6682526817690813,False,CRITICAL
img-549.jpg,2,0,1,1,major_pothole,2.73600510067574,0.6501278032870709,False,CRITICAL
img-55.jpg,5,3,2,0,medium_pothole,1.915159386857068,0.6645075856354268,False,MEDIUM
img-550.jpg,7,0,6,1,major_pothole,2.5629555453346677,0.4984303700037072,False,HIGH
img-551.jpg,7,0,7,0,medium_pothole,2.222126297755461,0.5847586140526245,False,HIGH
img-552.jpg,17,0,12,5,major_pothole,2.685809341048861,0.4865887674740873,False,CRITICAL
img-553.jpg,2,0,1,1,major_pothole,2.6817597023118864,0.6524332624544064,False,CRITICAL
img-554.jpg,7,0,5,2,major_pothole,2.670069463317636,0.4660878829352911,False,CRITICAL
img-555.jpg,1,0,0,1,major_pothole,2.7375340179726053,0.7900119309253348,False,CRITICAL
img-557.jpg,1,0,0,1,major_pothole,2.435647405328967,0.4872120194099824,False,HIGH
img-558.jpg,3,0,2,1,major_pothole,2.771237791776079,0.6730379873011711,False,CRITICAL
img-559.jpg,2,0,1,1,major_pothole,2.780391574500892,0.6480107325562283,False,CRITICAL
img-56.jpg,2,1,1,0,medium_pothole,1.8707309032190471,0.5403785787414885,False,MEDIUM
img-560.jpg,4,0,4,0,medium_pothole,2.011651261176619,0.6476194715731396,False,HIGH
img-561.jpg,9,0,6,3,major_pothole,2.8053039982192667,0.6584281693657401,False,CRITICAL
img-562.jpg,2,0,2,0,medium_pothole,1.9421155572101332,0.6718976685387181,False,MEDIUM
img-563.jpg,2,0,2,0,medium_pothole,2.115727092950172,0.6123461695192397,False,HIGH
img-564.jpg,5,0,3,2,major_pothole,2.4851377263565952,0.5318697851432369,False,HIGH
img-565.jpg,1,0,0,1,major_pothole,2.6672239252170336,0.7535983077839096,False,CRITICAL
img-566.jpg,10,0,10,0,medium_pothole,1.9792758390625909,0.644665783022324,False,MEDIUM
img-567.jpg,1,0,0,1,major_pothole,2.7448185676163512,0.8199653284094381,False,CRITICAL
img-568.jpg,2,0,1,1,major_pothole,2.730974505459941,0.6578898664256058,False,CRITICAL
img-569.jpg,2,0,1,1,major_pothole,2.6551223807166315,0.5760876781154018,False,CRITICAL
img-57.jpg,1,0,1,0,medium_pothole,1.7824279547091992,0.5810709057212677,False,MEDIUM
img-570.jpg,5,0,5,0,medium_pothole,2.2198624166028926,0.5827260837921181,False,HIGH
img-571.jpg,15,0,14,1,major_pothole,2.6749409673490856,0.5819324613484664,False,CRITICAL
img-572.jpg,3,0,3,0,medium_pothole,2.297306546182149,0.5255137130061768,False,HIGH
img-573.jpg,1,0,0,1,major_pothole,2.758597349817373,0.7889285089912341,False,CRITICAL
img-574.jpg,9,0,6,3,major_pothole,2.6930573525536494,0.4768590187419106,False,CRITICAL
img-575.jpg,5,0,1,4,major_pothole,2.7381894247953222,0.6705720677422456,False,CRITICAL
img-576.jpg,2,0,1,1,major_pothole,2.6571874187807665,0.5766182822053367,False,CRITICAL
img-577.jpg,14,0,12,2,major_pothole,2.67402118044102,0.5329525930589649,False,CRITICAL
img-578.jpg,1,0,0,1,major_pothole,2.6779028936157725,0.7481557110093323,False,CRITICAL
img-579.jpg,1,0,0,1,major_pothole,2.63958520193942,0.7191608759731658,False,CRITICAL
img-58.jpg,3,2,1,0,medium_pothole,1.837915704717719,0.6174233677872131,False,MEDIUM
img-580.jpg,3,0,3,0,medium_pothole,2.0122327906770088,0.6163214348986354,False,HIGH
img-581.jpg,6,0,6,0,medium_pothole,2.367041389684772,0.5032105756097074,False,HIGH
img-582.jpg,1,0,0,1,major_pothole,2.7025393243130407,0.789996384366005,False,CRITICAL
img-583.jpg,1,0,0,1,major_pothole,2.6723690958546973,0.7320942066243072,False,CRITICAL
img-584.jpg,2,0,1,1,major_pothole,2.6804784108842727,0.5861511632076196,False,CRITICAL
img-585.jpg,5,0,2,3,major_pothole,2.7379286545978427,0.4683269488665436,False,CRITICAL
img-586.jpg,1,0,0,1,major_pothole,2.6466345384288914,0.7517777704630609,False,CRITICAL
img-587.jpg,2,0,1,1,major_pothole,2.680933152513947,0.6310330268216179,False,CRITICAL
img-588.jpg,1,0,0,1,major_pothole,2.6733056516930014,0.7393780354960027,False,CRITICAL
img-589.jpg,12,0,11,1,major_pothole,2.427217086143484,0.5068771353142901,False,HIGH
img-59.jpg,2,0,2,0,medium_pothole,2.124242784537844,0.654815817026356,False,HIGH
img-590.jpg,1,0,0,1,major_pothole,2.6691988267828752,0.7428221627562902,False,CRITICAL
img-591.jpg,2,0,0,2,major_pothole,2.7542872036733845,0.7416169360133882,False,CRITICAL
img-592.jpg,3,0,2,1,major_pothole,2.467619199120652,0.5085442514050724,False,HIGH
img-593.jpg,3,0,0,3,major_pothole,2.6776028812082093,0.6835720446037955,False,CRITICAL
img-594.jpg,6,0,5,1,major_pothole,2.730882377489274,0.5575482095443255,False,CRITICAL
img-595.jpg,19,0,16,3,major_pothole,2.733745570397077,0.548495473185414,False,CRITICAL
img-596.jpg,1,0,0,1,major_pothole,2.667992496200094,0.7692502389504393,False,CRITICAL
img-597.jpg,2,0,1,1,major_pothole,2.5510475235242365,0.6000502202733111,False,HIGH
img-598.jpg,5,0,5,0,medium_pothole,2.265598673614034,0.5245938168314283,False,HIGH
img-6.jpg,2,0,2,0,medium_pothole,1.928010871173108,0.6573862965865986,False,MEDIUM
img-60.jpg,2,1,1,0,medium_pothole,1.8004450478944285,0.6215729612690954,False,MEDIUM
img-600.jpg,5,0,3,2,major_pothole,2.711666064496248,0.5502293417512929,False,CRITICAL
img-601.jpg,2,0,0,2,major_pothole,2.734990738801478,0.7640322741747244,False,CRITICAL
img-602.jpg,1,0,0,1,major_pothole,2.742675756812868,0.7707483351662582,False,CRITICAL
img-603.jpg,1,0,0,1,major_pothole,2.6730998868733007,0.7651469778007297,False,CRITICAL
img-604.jpg,9,0,6,3,major_pothole,2.720711467258389,0.4719211833325015,False,CRITICAL
img-605.jpg,1,0,0,1,major_pothole,2.6777873800429304,0.7540177792319827,False,CRITICAL
img-606.jpg,1,0,0,1,major_pothole,2.625342672337696,0.7129746339520661,False,CRITICAL
img-607.jpg,1,0,0,1,major_pothole,2.659813640426256,0.7307629279461821,False,CRITICAL
img-608.jpg,1,0,0,1,major_pothole,2.7042945308118425,0.7606291738196744,False,CRITICAL
img-609.jpg,5,0,3,2,major_pothole,2.7425087943788182,0.6173313638164702,False,CRITICAL
img-61.jpg,1,1,0,0,minor_pothole,1.5333359545599832,0.5524420055440067,False,MEDIUM
img-610.jpg,4,0,3,1,major_pothole,2.644114593319902,0.6424806568438347,False,CRITICAL
img-611.jpg,1,0,0,1,major_pothole,2.7311575076634025,0.768233310248106,False,CRITICAL
img-612.jpg,4,0,3,1,major_pothole,2.72801922745807,0.6642756365538345,False,CRITICAL
img-614.jpg,2,0,1,1,major_pothole,2.792206509464993,0.6346575237159948,False,CRITICAL
img-615.jpg,1,0,0,1,major_pothole,2.731165389453827,0.7625941211514734,False,CRITICAL
img-616.jpg,5,0,4,1,major_pothole,2.688061834565846,0.6535723254334508,False,CRITICAL
img-617.jpg,5,0,3,2,major_pothole,2.7302744351767108,0.5098496319758449,False,CRITICAL
img-618.jpg,7,0,6,1,major_pothole,2.510552014736464,0.5350798800541011,False,HIGH
img-619.jpg,1,0,0,1,major_pothole,2.675036134462945,0.7480045386559282,False,CRITICAL
img-62.jpg,2,0,2,0,medium_pothole,1.9070440853653077,0.5668785373186278,False,MEDIUM
img-620.jpg,2,0,1,1,major_pothole,2.7657613611555174,0.6255982480794249,False,CRITICAL
img-621.jpg,6,0,5,1,major_pothole,2.63168129107714,0.653020980014829,False,CRITICAL
img-623.jpg,1,0,0,1,major_pothole,2.704818127539243,0.7891123805881998,False,CRITICAL
img-624.jpg,11,0,11,0,medium_pothole,2.2936015666498117,0.5620521256314942,False,HIGH
img-626.jpg,2,0,1,1,major_pothole,2.728041166468422,0.6490458896374688,False,CRITICAL
img-627.jpg,2,0,1,1,major_pothole,2.524604178574193,0.5493337935419086,False,HIGH
img-628.jpg,1,0,0,1,major_pothole,2.753524039797592,0.7729539121910592,False,CRITICAL
img-629.jpg,1,0,0,1,major_pothole,2.7592208183475644,0.7794463595136234,False,CRITICAL
img-63.jpg,1,0,1,0,medium_pothole,1.9335280794733576,0.6846656935509611,False,MEDIUM
img-630.jpg,2,0,1,1,major_pothole,2.736593031478842,0.4848306302528949,False,CRITICAL
img-631.jpg,3,0,1,2,major_pothole,2.688329744398589,0.4895605754726148,False,CRITICAL
img-632.jpg,1,0,1,0,medium_pothole,2.2887155475966754,0.5601795784256917,False,HIGH
img-633.jpg,1,0,0,1,major_pothole,2.752118022926289,0.786959709818376,False,CRITICAL
img-634.jpg,13,0,13,0,medium_pothole,2.0344537649074947,0.6424960397823165,False,HIGH
img-635.jpg,1,0,0,1,major_pothole,2.6398155126671954,0.7321588412746102,False,CRITICAL
img-636.jpg,7,0,4,3,major_pothole,2.704032910326532,0.5032092461141751,False,CRITICAL
img-637.jpg,2,0,2,0,medium_pothole,2.124798626584901,0.6439190095767742,False,HIGH
img-638.jpg,1,0,0,1,major_pothole,2.686012912281455,0.778190254790029,False,CRITICAL
img-639.jpg,1,0,0,1,major_pothole,2.6955739284210702,0.7375540736769979,False,CRITICAL
img-64.jpg,1,0,1,0,medium_pothole,2.0442508558640355,0.6693077657006341,False,HIGH
img-640.jpg,1,0,0,1,major_pothole,2.737363820513351,0.7716264248893494,False,CRITICAL
img-641.jpg,1,0,0,1,major_pothole,2.6740707559572865,0.7458670846000903,False,CRITICAL
img-642.jpg,3,0,2,1,major_pothole,2.705936711707966,0.526037680481241,False,CRITICAL
img-643.jpg,1,0,0,1,major_pothole,2.7401525379294243,0.7750147114936049,False,CRITICAL
img-644.jpg,3,0,1,2,major_pothole,2.7276051276062785,0.5245216233661641,False,CRITICAL
img-645.jpg,1,0,0,1,major_pothole,2.708146003652964,0.7666859158309123,False,CRITICAL
img-646.jpg,1,0,0,1,major_pothole,2.6783522260743164,0.7370343445085563,False,CRITICAL
img-647.jpg,1,0,0,1,major_pothole,2.79847346705936,0.8142321303344175,False,CRITICAL
img-648.jpg,12,0,8,4,major_pothole,2.575704322106164,0.5136055656689723,False,HIGH
img-65.jpg,1,0,1,0,medium_pothole,2.0766064692419897,0.6772711796561174,False,HIGH
img-650.jpg,2,0,2,0,medium_pothole,2.191102459225893,0.6196785404123949,False,HIGH
img-651.jpg,1,0,0,1,major_pothole,2.695230864765571,0.7544938965511463,False,CRITICAL
img-652.jpg,3,0,0,3,major_pothole,2.7277723028811804,0.5162109538144927,False,CRITICAL
img-653.jpg,3,0,2,1,major_pothole,2.668542658502244,0.5322772637917503,False,CRITICAL
img-654.jpg,3,0,2,1,major_pothole,2.6813358591747525,0.6634343020863774,False,CRITICAL
img-656.jpg,2,0,1,1,major_pothole,2.652050343604204,0.6607008712107594,False,CRITICAL
img-657.jpg,1,0,0,1,major_pothole,2.6457010461225425,0.727690861007803,False,CRITICAL
img-658.jpg,4,0,3,1,major_pothole,2.6928168173343443,0.6361252458156204,False,CRITICAL
img-659.jpg,1,0,0,1,major_pothole,2.7575114452256075,0.7899141093661971,False,CRITICAL
img-66.jpg,6,5,1,0,medium_pothole,1.9805569558225016,0.5889530654753085,False,MEDIUM
img-660.jpg,1,0,1,0,medium_pothole,2.193501640338279,0.6140720203791011,False,HIGH
img-661.jpg,1,0,0,1,major_pothole,2.694239085241306,0.7690527147563021,False,CRITICAL
img-662.jpg,5,0,5,0,medium_pothole,2.135864424361743,0.6384257841563378,False,HIGH
img-664.jpg,1,0,0,1,major_pothole,2.661827727277168,0.7471253662896479,False,CRITICAL
img-665.jpg,1,0,0,1,major_pothole,2.710003017490657,0.7687205912713466,False,CRITICAL
img-666.jpg,1,0,1,0,medium_pothole,2.0986290850839686,0.681168615781047,False,HIGH
img-667.jpg,4,3,1,0,medium_pothole,1.8893172413457229,0.704916771770975,False,MEDIUM
img-668.jpg,1,1,0,0,minor_pothole,1.287928442103814,0.7535077912192853,False,LOW
img-669.jpg,1,0,1,0,medium_pothole,2.3228832071518544,0.5349041002904393,False,HIGH
img-67.jpg,3,1,2,0,medium_pothole,2.014077348262765,0.5129194738193452,False,HIGH
img-670.jpg,16,3,13,0,medium_pothole,2.2044496275054803,0.4700604009522883,False,HIGH
img-671.jpg,1,0,0,1,major_pothole,2.599159950344583,0.707467784729784,False,HIGH
img-672.jpg,1,0,0,1,major_pothole,2.680019347666758,0.7179830063028475,False,CRITICAL
img-673.jpg,2,0,1,1,major_pothole,2.39961402833154,0.4784358752257833,False,HIGH
img-674.jpg,1,0,1,0,medium_pothole,2.095141651417744,0.6133201867409106,False,HIGH
img-676.jpg,2,0,0,2,major_pothole,2.6888407405620054,0.7137405221273271,False,CRITICAL
img-677.jpg,1,0,0,1,major_pothole,2.642343078896562,0.7208235210386132,False,CRITICAL
img-678.jpg,2,0,2,0,medium_pothole,1.833631735603479,0.4171943409158568,True,REVIEW REQUIRED
img-679.jpg,1,0,0,1,major_pothole,2.592913961822541,0.7086490327709907,False,HIGH
img-68.jpg,2,0,2,0,medium_pothole,2.0197295663916464,0.4984654351841985,False,HIGH
img-680.jpg,1,0,0,1,major_pothole,2.627031051963221,0.6640936104382886,False,CRITICAL
img-681.jpg,1,0,0,1,major_pothole,2.634688942699458,0.7161255373023635,False,CRITICAL
img-682.jpg,1,0,1,0,medium_pothole,2.329919516409636,0.5051406100492484,False,HIGH
img-683.jpg,1,0,0,1,major_pothole,2.7160321911286527,0.7858504798435942,False,CRITICAL
img-684.jpg,4,0,3,1,major_pothole,2.6297656956525124,0.4886612783323368,False,CRITICAL
img-685.jpg,1,0,0,1,major_pothole,2.5866225368112805,0.6651457981207639,False,HIGH
img-686.jpg,1,0,0,1,major_pothole,2.645089692604953,0.6790109166156867,False,CRITICAL
img-687.jpg,1,0,0,1,major_pothole,2.623350742900414,0.7073865063702304,False,CRITICAL
img-688.jpg,1,0,1,0,medium_pothole,1.675133036361605,0.5389839550391221,False,MEDIUM
img-689.jpg,1,0,1,0,medium_pothole,1.6541602921312508,0.512136612909571,False,MEDIUM
img-69.jpg,2,1,1,0,medium_pothole,1.6336278970442597,0.4808407039795421,False,MEDIUM
img-690.jpg,1,1,0,0,minor_pothole,1.5888160528554065,0.5466629585415598,False,MEDIUM
img-691.jpg,1,0,0,1,major_pothole,2.541908626470076,0.6270957554110261,False,HIGH
img-692.jpg,3,2,0,1,major_pothole,2.6380092332764598,0.4685696376553434,False,CRITICAL
img-693.jpg,11,1,10,0,medium_pothole,2.1563046614162635,0.51631175137955,False,HIGH
img-694.jpg,1,0,0,1,major_pothole,2.7509126973740328,0.8058429203211652,False,CRITICAL
img-695.jpg,2,1,1,0,medium_pothole,2.04249792273146,0.6746000973103117,False,HIGH
img-696.jpg,1,1,0,0,minor_pothole,1.5287269932107488,0.5339878884215493,False,MEDIUM
img-697.jpg,2,0,2,0,medium_pothole,2.1780025261949643,0.6169530278121945,False,HIGH
img-698.jpg,1,0,0,1,major_pothole,2.687869232091695,0.7492136282566774,False,CRITICAL
img-699.jpg,5,3,2,0,medium_pothole,1.87825733846124,0.4446664178354487,True,REVIEW REQUIRED
img-7.jpg,1,0,1,0,medium_pothole,2.15263727633822,0.6792652547256924,False,HIGH
img-70.jpg,2,1,1,0,medium_pothole,1.902984546739889,0.6715053108300375,False,MEDIUM
img-700.jpg,1,1,0,0,minor_pothole,1.3931435260105984,0.6529534228866208,False,LOW
img-701.jpg,1,1,0,0,minor_pothole,1.2422292922514395,0.7892911367756775,False,LOW
img-702.jpg,1,1,0,0,minor_pothole,1.2975866290801457,0.7534364128672316,False,LOW
img-703.jpg,4,1,3,0,medium_pothole,1.792208341705779,0.5341497545821784,False,MEDIUM
img-704.jpg,1,0,0,1,major_pothole,2.4411044379545324,0.520636856252446,False,HIGH
img-705.jpg,2,0,1,1,major_pothole,2.6476414094588634,0.4189756502832865,True,REVIEW REQUIRED
img-706.jpg,1,0,0,1,major_pothole,2.536302678982756,0.6095792049652671,False,HIGH
img-707.jpg,2,0,2,0,medium_pothole,1.7535656753389497,0.6855730052127504,False,MEDIUM
img-708.jpg,2,1,1,0,medium_pothole,1.5992908520521243,0.5416408669092576,False,MEDIUM
img-709.jpg,2,0,2,0,medium_pothole,1.7583497898731002,0.5688247281703022,False,MEDIUM
img-71.jpg,2,1,1,0,medium_pothole,1.80767061140508,0.6221009697538535,False,MEDIUM
img-710.jpg,2,0,2,0,medium_pothole,1.841882477227652,0.7572635462393545,False,MEDIUM
img-711.jpg,1,0,1,0,medium_pothole,1.9545459203310835,0.7961630346184797,False,MEDIUM
img-712.jpg,1,0,1,0,medium_pothole,2.116106221742657,0.6846178406538264,False,HIGH
img-713.jpg,1,0,1,0,medium_pothole,1.9449635757116608,0.7936369741655082,False,MEDIUM
img-714.jpg,1,0,1,0,medium_pothole,1.8889597044173965,0.8420098391598392,False,MEDIUM
img-715.jpg,1,0,1,0,medium_pothole,2.1117016402591986,0.681129865715614,False,HIGH
img-716.jpg,1,0,1,0,medium_pothole,1.8159404140594464,0.7680193147775646,False,MEDIUM
img-717.jpg,1,1,0,0,minor_pothole,1.0984198897893391,0.915006232826578,False,LOW
img-72.jpg,1,0,1,0,medium_pothole,2.014107954036255,0.6638564978885866,False,HIGH
img-73.jpg,2,1,1,0,medium_pothole,2.085584597601353,0.5067147245792883,False,HIGH
img-74.jpg,1,1,0,0,minor_pothole,1.3887274355055048,0.6894530632090399,False,LOW
img-75.jpg,1,0,1,0,medium_pothole,1.7337170652592626,0.5585494860213219,False,MEDIUM
img-76.jpg,2,0,2,0,medium_pothole,1.923630754090596,0.6849849163286186,False,MEDIUM
img-77.jpg,4,1,3,0,medium_pothole,1.9390071152066888,0.6181627753966014,False,MEDIUM
img-78.jpg,2,1,1,0,medium_pothole,1.9717842729929456,0.6576232624391013,False,MEDIUM
img-79.jpg,1,0,1,0,medium_pothole,2.115653286712174,0.6676461534126895,False,HIGH
img-8.jpg,2,0,2,0,medium_pothole,1.9265905590743515,0.5583245016832576,False,MEDIUM
img-80.jpg,1,0,1,0,medium_pothole,2.080328822102357,0.6635167095358243,False,HIGH
img-81.jpg,2,0,2,0,medium_pothole,2.10585502061433,0.4556223298169218,False,HIGH
img-82.jpg,2,1,1,0,medium_pothole,2.0977166169526287,0.6726410940329287,False,HIGH
img-83.jpg,1,0,1,0,medium_pothole,1.9979310879480028,0.6439684857181812,False,MEDIUM
img-84.jpg,3,1,2,0,medium_pothole,1.8086346424202289,0.485083443966842,False,MEDIUM
img-85.jpg,2,1,1,0,medium_pothole,1.7313582251199016,0.5389081423832717,False,MEDIUM
img-86.jpg,2,0,2,0,medium_pothole,1.849315980580304,0.5243944398406774,False,MEDIUM
img-87.jpg,1,0,1,0,medium_pothole,2.0024188023431884,0.6515988159729158,False,HIGH
img-88.jpg,1,0,1,0,medium_pothole,1.8652584743590253,0.6769382454694648,False,MEDIUM
img-89.jpg,2,1,1,0,medium_pothole,1.9527440104882896,0.6786844153527822,False,MEDIUM
img-9.jpg,2,1,1,0,medium_pothole,1.9511969876321835,0.6708186382808883,False,MEDIUM
img-90.jpg,1,0,1,0,medium_pothole,1.9750163777901777,0.6644715816926222,False,MEDIUM
img-91.jpg,1,1,0,0,minor_pothole,1.541817601955347,0.5227538793778977,False,MEDIUM
img-92.jpg,1,0,1,0,medium_pothole,2.0993997803904194,0.6746513727534796,False,HIGH
img-93.jpg,3,1,2,0,medium_pothole,2.1306523714273835,0.4972240126770426,False,HIGH
img-94.jpg,1,0,1,0,medium_pothole,2.122990056082465,0.7227368391748391,False,HIGH
img-95.jpg,2,0,2,0,medium_pothole,1.8930779221749725,0.6702227861374465,False,MEDIUM
img-96.jpg,1,0,1,0,medium_pothole,1.682741938855729,0.5154797963970171,False,MEDIUM
img-97.jpg,3,1,1,1,major_pothole,2.137040164741765,0.4024949249871324,True,REVIEW REQUIRED
img-98.jpg,4,2,2,0,medium_pothole,2.1037279604920003,0.6703103213300847,False,HIGH
img-99.jpg,1,0,1,0,medium_pothole,2.1001140456144416,0.6738771531586433,False,HIGH
